Región,Precio,Habitaciones,Baños,Superfície,Dirección,Tipo de inmueble,Orientación,Estado,Antigüedad,Planta,Ascensor,Amueblado,Consumo energía,Emisiones,Calefacción,Agua caliente,Parking
Madrid,249.000 €,2 habs.,1 baño,58 m²,Ponferrada - Pilar,Piso,Este,Casi nuevo,50 a 70 años,7ª planta,Sí,Sí,"G
999 kW h m² / año","G
999 kg CO₂ m² / año",,,
Madrid,249.000 €,2 habs.,1 baño,54 m²,Sarria - Pilar,Piso,Sur,Casi nuevo,50 a 70 años,2ª planta,Sí,Sí,"G
999 kW h m² / año","G
999 kg CO₂ m² / año",,,
Madrid,239.000 €,2 habs.,1 baño,51 m²,Puentedeume - Pilar,Piso,Este,Casi nuevo,50 a 70 años,1ª planta,Sí,Sí,"G
999 kW h m² / año","G
999 kg CO₂ m² / año",,,
Madrid,249.000 €,2 habs.,1 baño,55 m²,Sarria - Pilar,Piso,Norte,Casi nuevo,50 a 70 años,4ª planta,Sí,Sí,"G
999 kW h m² / año","G
999 kg CO₂ m² / año",,,
Madrid,249.000 €,4 habs.,1 baño,85 m²,Avenida de Los Apóstoles - Puerta del Ángel,Piso,,Bien,50 a 70 años,4ª planta,,,"G
210 kW h m² / año","G
125 kg CO₂ m² / año",Gas Natural,,
Madrid,240.000 €,2 habs.,1 baño,55 m²,Calle Aguila - Palacio,Piso,,Muy bien,+ 100 años,2ª planta,,,"G
999 kW h m² / año","G
99 kg CO₂ m² / año",Electricidad,,
Madrid,450.000 €,5 habs.,2 baños,150 m²,Madrid - Alto Extremadura,Piso,,,,3ª planta,,,"G
999 kW h m² / año","G
999 kg CO₂ m² / año",,,
Madrid,350.000 €,6 habs.,1 baño,155 m²,Paseo de Los Olivos - Puerta del Ángel,Casa o chalet,,,,,,,"G
999 kW h m² / año","G
999 kg CO₂ m² / año",,,
Madrid,,,,,,,,,,,,,,,,,
Madrid,135.000 €,2 habs.,1 baño,54 m²,Calle de Navalmoral de la Mata - Las Águilas,Piso,Noreste,Muy bien,50 a 70 años,Bajos,Sí,,"E
262 kW h m² / año","E
48 kg CO₂ m² / año",Gas Natural,Gas Natural,
Madrid,156.000 €,2 habs.,1 baño,30 m²,Calle Caceres - Delicias,Piso,,A reformar,+ 100 años,1ª planta,,,"G
400 kW h m² / año","G
400 kg CO₂ m² / año",,,
Madrid,820.000 €,4 habs.,3 baños,189 m²,Avenida del Mediterráneo - Niño Jesús,Piso,Sur,Bien,30 a 50 años,6ª planta,Sí,,"G
999 kW h m² / año","G
999 kg CO₂ m² / año",Gas Natural,Gas Natural,Privado
Madrid,345.000 €,3 habs.,1 baño,76 m²,Calle de Bravo Murillo - Berruguete,Piso,,Bien,50 a 70 años,3ª planta,Sí,Sí,"G
999 kW h m² / año","G
999 kg CO₂ m² / año",,,
Madrid,315.000 €,3 habs.,1 baño,65 m²,Feijoo - Trafalgar,Piso,Norte,A reformar,,4ª planta,Sí,,"E
999 kW h m² / año","E
999 kg CO₂ m² / año",,Gas Natural,
Madrid,189.000 €,2 habs.,1 baño,54 m²,Madrid - Zona de - Fuencarral-El Pardo - Distrito - Pilar,Piso,Norte,Bien,50 a 70 años,,Sí,,"E
999 kW h m² / año","E
999 kg CO₂ m² / año",Gas Natural,,
Madrid,725.000 €,1 hab.,2 baños,110 m²,De María de Guzmán - Ríos Rosas - Nuevos Ministerios,Ático,,,,7ª planta,Sí,Sí,"G
999 kW h m² / año","G
999 kg CO₂ m² / año",,,
Madrid,159.900 €,3 habs.,1 baño,80 m²,Via Lusitana - Abrantes,Piso,,,,3ª planta,,,"G
999 kW h m² / año","G
999 kg CO₂ m² / año",,,
Madrid,159.900 €,3 habs.,1 baño,79 m²,Alcatraz - Opañel,Piso,,,,3ª planta,,,"G
999 kW h m² / año","G
999 kg CO₂ m² / año",,,
Madrid,174.000 €,1 hab.,1 baño,62 m²,Carabanchel - Vista Alegre,Piso,,,,1ª planta,Sí,,"G
999 kW h m² / año","G
999 kg CO₂ m² / año",,,
Madrid,180.000 €,1 hab.,1 baño,60 m²,De la Gran Vía del Sureste - Ensanche de Vallecas - La Gavia,Apartamento,Sur,Bien,,5ª planta,Sí,Sí,"A
999 kW h m² / año","A
999 kg CO₂ m² / año",,,Privado
Madrid,3.700.000 €,4 habs.,5 baños,408 m²,Justicia,Ático,,,,5ª planta,,,"G
999 kW h m² / año","G
999 kg CO₂ m² / año",,,Privado
Madrid,1.450.000 €,5 habs.,4 baños,391 m²,Méntrida - Canillas,Casa o chalet,Este,Muy bien,20 a 30 años,1ª planta,,Sí,"G
999 kW h m² / año","G
999 kg CO₂ m² / año",,,Privado
Madrid,179.000 €,1 hab.,1 baño,70 m²,Jose Anduiza - Tres Olivos - Valverde,Piso,,,50 a 70 años,Bajos,,Sí,"G
999 kW h m² / año","G
999 kg CO₂ m² / año",,,
Madrid,519.000 €,3 habs.,2 baños,118 m²,De Mesonero Romanos - Sol,Piso,Oeste,A reformar,,1ª planta,Sí,,"G
999 kW h m² / año","G
999 kg CO₂ m² / año",,,
Madrid,198.000 €,3 habs.,1 baño,83 m²,Calle de Marcelo Usera - Moscardó,Piso,Sur,Bien,,8ª planta,Sí,Sí,"G
999 kW h m² / año","G
999 kg CO₂ m² / año",Gas Natural,Gas Natural,
Madrid,245.000 €,2 habs.,1 baño,75 m²,Hortaleza - Canillas,Piso,Sureste,Casi nuevo,,Bajos,Sí,,"G
999 kW h m² / año","G
999 kg CO₂ m² / año",Electricidad,Electricidad,
Madrid,410.000 €,1 hab.,1 baño,62 m²,San Aquilino - 12 - Almenara -Ventilla,Piso,Oeste,Bien,Menos de 1 año,,Sí,,"G
999 kW h m² / año","A
999 kg CO₂ m² / año",Electricidad,,Privado
Madrid,1.395.000 €,3 habs.,4 baños,141 m²,Castellana,Piso,,,,2ª planta,,,"G
999 kW h m² / año","G
999 kg CO₂ m² / año",,Gas Natural,
Madrid,589.000 €,2 habs.,2 baños,78 m²,Calle del Divino Pastor - Universidad - Malasaña,Piso,Sur,Muy bien,+ 100 años,,Sí,,"A
28.5 kW h m² / año","A
5.3 kg CO₂ m² / año",,,
Madrid,440.000 €,4 habs.,2 baños,186 m²,Hortaleza - Pinar del Rey,Piso,Sureste,Bien,,1ª planta,,,"G
999 kW h m² / año","G
999 kg CO₂ m² / año",Gas Natural,Gas Natural,
Madrid,180.000 €,2 habs.,1 baño,40 m²,Centro - Embajadores - Lavapiés,Piso,,,,2ª planta,,Sí,"F
320 kW h m² / año","E
64 kg CO₂ m² / año",,,
Madrid,575.000 €,3 habs.,1 baño,102 m²,Calle de José Ortega y Gasset - Lista,Piso,,Casi nuevo,,4ª planta,,,"G
999 kW h m² / año","G
999 kg CO₂ m² / año",Gas Natural,Gas Natural,
Madrid,465.000 €,2 habs.,1 baño,92 m²,Chamartin,Piso,,,5 a 10 años,3ª planta,Sí,No,"G
999 kW h m² / año","G
999 kg CO₂ m² / año",,,Privado
Madrid,257.000 €,1 baño,48 m²,3ª Planta,Calle de Calatrava - Palacio,Estudio,,Muy bien,+ 100 años,3ª planta,,,"G
999 kW h m² / año","G
999 kg CO₂ m² / año",,,
Madrid,550.000 €,2 habs.,2 baños,80 m²,Calle de Emilio Vargas - San Juan Bautista,Piso,,,,3ª planta,Sí,,"E
175 kW h m² / año","E
35 kg CO₂ m² / año",,,Privado
Madrid,1.190.000 €,3 habs.,3 baños,160 m²,De Rafael Calvo - Almagro,Piso,,Muy bien,,1ª planta,Sí,,"F
999 kW h m² / año","F
999 kg CO₂ m² / año",,,Privado
Madrid,187.000 €,4 habs.,2 baños,112 m²,Calle de Benita López - Los Rosales,Piso,,,,1ª planta,,,"G
999 kW h m² / año","G
999 kg CO₂ m² / año",Gas Natural,Gas Natural,
Madrid,165.000 €,2 habs.,1 baño,60 m²,Calle de Gabasti - Quintana,Piso,,,,1ª planta,,Sí,"G
999 kW h m² / año","G
999 kg CO₂ m² / año",,,
Madrid,235.000 €,1 hab.,1 baño,62 m²,Tetuan,Piso,,Bien,20 a 30 años,,Sí,Sí,"E
275 kW h m² / año","E
57 kg CO₂ m² / año",Gas Natural,Gas Natural,
Madrid,,,,,,,,,,,,,,,,,
Madrid,620.000 €,4 habs.,2 baños,158 m²,Retiro,Piso,,Bien,,2ª planta,Sí,No,Exento,Exento,,,Privado
Madrid,155.000 €,2 habs.,1 baño,75 m²,Madrid - Zofio,Planta baja,,,,,,,"F
1 kW h m² / año","F
999 kg CO₂ m² / año",,,
Madrid,160.000 €,2 habs.,1 baño,72 m²,Arganzuela-Madrid Río,Piso,,,,,Sí,No,"G
999 kW h m² / año","G
999 kg CO₂ m² / año",,,
Madrid,552.000 €,1 hab.,1 baño,120 m²,De Santa Barbara - 6 - Justicia - Chueca,Piso,,,+ 100 años,Bajos,,,"G
999 kW h m² / año","G
999 kg CO₂ m² / año",,,
Madrid,167.500 €,3 habs.,1 baño,77 m²,Calle del Centeno - Zofio,Piso,,,,7ª planta,Sí,Sí,"G
999 kW h m² / año","G
999 kg CO₂ m² / año",,,
Madrid,398.000 €,2 habs.,1 baño,112 m²,Avenida de Arcentales - Simancas,Ático,Sureste,Casi nuevo,10 a 20 años,6ª planta,Sí,,"G
999 kW h m² / año","G
999 kg CO₂ m² / año",Gas Natural,Gas Natural,Privado
Madrid,299.000 €,2 habs.,1 baño,61 m²,Calle de Ramos Carrión - Prosperidad,Piso,Sur,Bien,50 a 70 años,3ª planta,Sí,,"G
999 kW h m² / año","G
999 kg CO₂ m² / año",Gas Natural,,
Madrid,409.000 €,4 habs.,2 baños,112 m²,Calle de Juan Duque - Imperial,Piso,Este,Bien,50 a 70 años,1ª planta,Sí,,"G
999 kW h m² / año","G
999 kg CO₂ m² / año",Gas Natural,,
Madrid,849.000 €,3 habs.,2 baños,133 m²,Calle de María de las Mercedes de Borbón - Valdebebas - Valdefuentes,Ático,,Casi nuevo,Menos de 1 año,10ª planta,Sí,,"B
37.29 kW h m² / año","A
7.6 kg CO₂ m² / año",Electricidad,,Privado
Madrid,690.000 €,2 habs.,3 baños,113 m²,Madrid - Goya,Piso,,,,6ª planta,,,"G
999 kW h m² / año","G
999 kg CO₂ m² / año",,,
Barcelona,191.500 €,1 baño,43 m²,2ª Planta,Calle Santa Leonor - Simancas,Estudio,,,10 a 20 años,2ª planta,Sí,,"D
360 kW h m² / año","E
64 kg CO₂ m² / año",,,Privado
Barcelona,340.000 €,2 habs.,1 baño,66 m²,Carrer de L'esparteria - Sant Pere - Sta. Caterina i la Ribera,Piso,,A reformar,,,,No,"F
228 kW h m² / año","E
47 kg CO₂ m² / año",,,
Barcelona,816.000 €,2 habs.,2 baños,148 m²,Carrer de la Diputació - L'Antiga Esquerra de l'Eixample,Piso,,Muy bien,,2ª planta,Sí,,"D
71 kW h m² / año","D
14 kg CO₂ m² / año",,,
Barcelona,355.000 €,3 habs.,1 baño,93 m²,Lleó - Bellaterra,Casa o chalet,,,,,,,"E
99 kW h m² / año","E
42 kg CO₂ m² / año",,,Privado
Barcelona,1.100.000 €,5 habs.,3 baños,280 m²,Carrer de Muntaner - Sant Gervasi- Galvany,Piso,Sur,Bien,,3ª planta,Sí,,"D
175 kW h m² / año","D
84 kg CO₂ m² / año",Gas Natural,,Privado
Barcelona,148.000 €,3 habs.,1 baño,55 m²,Carrer Federico García Lorca - Sant Adrià de Besòs,Piso,,,50 a 70 años,,Sí,,"F
224 kW h m² / año","E
46 kg CO₂ m² / año",,,
Barcelona,195.000 €,3 habs.,1 baño,77 m²,Canet de Mar,Piso,,,20 a 30 años,,Sí,No,"G
999 kW h m² / año","G
999 kg CO₂ m² / año",,,Privado
Barcelona,234.500 €,4 habs.,1 baño,85 m²,Carrer de Mas - Collblanc,Piso,,Bien,30 a 50 años,5ª planta,Sí,,"G
999 kW h m² / año","G
999 kg CO₂ m² / año",,,
Barcelona,84.000 €,1 hab.,1 baño,49 m²,Av Barcelona - Plaza Donoso Cortés - Avenida Magdalena,Piso,,Muy bien,10 a 20 años,3ª planta,Sí,Sí,"G
999 kW h m² / año","G
999 kg CO₂ m² / año",,Electricidad,Privado
Barcelona,124.000 €,3 habs.,1 baño,84 m²,Badia del Valles - Badia del Vallés,Piso,Oeste,Muy bien,,4ª planta,Sí,,"E
135 kW h m² / año","E
35 kg CO₂ m² / año",,Gas Natural,
Barcelona,230.000 €,3 habs.,1 baño,75 m²,La Bordeta,Piso,,Bien,50 a 70 años,,Sí,,"G
999 kW h m² / año","G
999 kg CO₂ m² / año",,,
Barcelona,139.000 €,2 habs.,1 baño,60 m²,Collblanc - La Torrassa - Collblanc,Piso,Noreste,Bien,50 a 70 años,1ª planta,,Sí,"E
197 kW h m² / año","E
41 kg CO₂ m² / año",,,
Barcelona,121.000 €,3 habs.,1 baño,65 m²,Carrer Sicília - Fondo,Piso,Sur,Casi nuevo,50 a 70 años,1ª planta,,,"E
215 kW h m² / año","E
43 kg CO₂ m² / año",Gas Natural,Gas Natural,
Barcelona,439.900 €,4 habs.,2 baños,123 m²,Calle Sicilia,Piso,Este,Bien,30 a 50 años,3ª planta,Sí,Sí,"E
112 kW h m² / año","E
23 kg CO₂ m² / año",,Gas Natural,
Barcelona,848.000 €,2 habs.,2 baños,147 m²,Carrer de la Diputació - L'Antiga Esquerra de l'Eixample,Piso,,,+ 100 años,Entresuelo,Sí,,"G
999 kW h m² / año","G
99 kg CO₂ m² / año",,,
Barcelona,475.000 €,3 habs.,2 baños,99 m²,Barcelona Capital,Piso,,Bien,70 a 100 años,2ª planta,Sí,No,"E
105 kW h m² / año","D
17 kg CO₂ m² / año",Gas Natural,Gas Natural,
Barcelona,140.000 €,3 habs.,1 baño,73 m²,Sabadell - Covadonga,Piso,Sureste,Muy bien,,10ª planta,Sí,,"E
183 kW h m² / año","E
38 kg CO₂ m² / año",,Gas Natural,
Barcelona,395.000 €,1 hab.,1 baño,55 m²,Carrer de L'hostal de Sant Antoni - Sant Pere - Sta. Caterina i la Ribera,Apartamento,,,+ 100 años,1ª planta,Sí,,"G
999 kW h m² / año","G
99 kg CO₂ m² / año",,,
Barcelona,128.000 €,3 habs.,1 baño,77 m²,Salut - Lloreda - Lloreda,Piso,Este,Muy bien,30 a 50 años,2ª planta,,,"G
999 kW h m² / año","G
99 kg CO₂ m² / año",,Gas Natural,
Barcelona,229.000 €,3 habs.,1 baño,104 m²,Carretera de Santa Coloma - Llefià,Piso,Noreste,Muy bien,50 a 70 años,,Sí,,"E
206 kW h m² / año","E
36 kg CO₂ m² / año",,,
Barcelona,390.000 €,1 hab.,1 baño,59 m²,Carrer del Capità Arenas - Pedralbes,Ático,,,50 a 70 años,10ª planta,,No,"E
172 kW h m² / año","E
33 kg CO₂ m² / año",,,
Barcelona,375.000 €,1 hab.,1 baño,55 m²,Carrer de L'hostal de Sant Antoni - Sant Pere - Sta. Caterina i la Ribera,Piso,,Muy bien,+ 100 años,3ª planta,Sí,,"D
90 kW h m² / año","C
15 kg CO₂ m² / año",,,
Barcelona,170.000 €,3 habs.,1 baño,72 m²,Passeig de la Salzereda - Riu Nord,Piso,Oeste,Muy bien,50 a 70 años,3ª planta,Sí,,"G
99 kW h m² / año","G
99 kg CO₂ m² / año",,Gas Natural,
Barcelona,550.000 €,4 habs.,2 baños,408 m²,Calle Martorell de - Collblanc,Casa o chalet,,Muy bien,30 a 50 años,,,,"E
200 kW h m² / año","E
200 kg CO₂ m² / año",,,
Barcelona,363.000 €,4 habs.,2 baños,190 m²,Les Preses,Casa o chalet,Sur,Bien,10 a 20 años,,,,"G
999 kW h m² / año","G
999 kg CO₂ m² / año",,,
Barcelona,275.000 €,4 habs.,2 baños,176 m²,El Malloll,Casa o chalet,Sur,Bien,20 a 30 años,,,,"G
999 kW h m² / año","G
999 kg CO₂ m² / año",Gas Natural,,Privado
Barcelona,189.000 €,4 habs.,1 baño,70 m²,Carrer D'alloza - Porta,Piso,,Bien,,3ª planta,Sí,,"G
999 kW h m² / año","G
999 kg CO₂ m² / año",Gas Natural,Gas Natural,
Barcelona,850.000 €,7 habs.,4 baños,1200 m²,Les Preses,Casa o chalet,Sur,Muy bien,10 a 20 años,,,,"G
999 kW h m² / año","G
999 kg CO₂ m² / año",,,Privado
Barcelona,215.000 €,3 habs.,2 baños,109 m²,Calafell - Playa de Calafell,Piso,,Casi nuevo,,4ª planta,Sí,,"G
999 kW h m² / año","G
999 kg CO₂ m² / año",,,
Barcelona,350.000 €,3 habs.,2 baños,77 m²,GRACIA Barcelona,Piso,,A reformar,30 a 50 años,4ª planta,Sí,No,"G
318 kW h m² / año","G
67 kg CO₂ m² / año",Gas Natural,Gas Natural,Privado
Barcelona,797.000 €,5 habs.,2 baños,192 m²,Madrid - Barri de les Corts,Piso,,,,,Sí,,"D
76 kW h m² / año","D
16 kg CO₂ m² / año",,,
Barcelona,139.000 €,2 habs.,1 baño,80 m²,Brutau - Sol i Padris - Sant Oleguer,Piso,,,30 a 50 años,6ª planta,Sí,,"D
68 kW h m² / año","D
16 kg CO₂ m² / año",,,
Barcelona,210.000 €,2 habs.,1 baño,70 m²,Mercat - Escoles Ribes,Piso,,,,,Sí,,"D
88 kW h m² / año","D
18 kg CO₂ m² / año",,,Privado
Barcelona,110.000 €,3 habs.,1 baño,78 m²,Pere D'om - Creu de Barberà,Piso,,,,,,,"F
999 kW h m² / año","F
999 kg CO₂ m² / año",,,
Barcelona,54.000 €,2 habs.,1 baño,59 m²,Osona - Ca n'Oriac,Piso,,,50 a 70 años,2ª planta,,,"G
999 kW h m² / año","G
999 kg CO₂ m² / año",,,
Barcelona,550.000 €,2 habs.,1 baño,87 m²,Sarria,Piso,,Muy bien,,1ª planta,Sí,No,"G
240 kW h m² / año","E
999 kg CO₂ m² / año",,,
Barcelona,1.330.000 €,4 habs.,3 baños,196 m²,Castelldefels - La Pineda,Casa adosada,,,,,,,"C
895 kW h m² / año","G
195 kg CO₂ m² / año",,,Privado
Barcelona,1.395.000 €,2 habs.,2 baños,150 m²,Castelldefels,Casa o chalet,,,,,,No,"G
999 kW h m² / año","G
999 kg CO₂ m² / año",,,
Barcelona,,,,,,,,,,,,,,,,,
Barcelona,315.000 €,3 habs.,2 baños,118 m²,Doctor Buenaventura Carre - Fígares,Piso,,,,1ª planta,Sí,,"G
999 kW h m² / año","G
999 kg CO₂ m² / año",,,Privado
Barcelona,137.000 €,3 habs.,1 baño,95 m²,Can Boada-Torrent d´en Pere Parres,Piso,,,30 a 50 años,1ª planta,Sí,,"E
172 kW h m² / año","E
36 kg CO₂ m² / año",,,
Barcelona,626.000 €,5 habs.,2 baños,144 m²,Barcelona - Vila de Gràcia,Piso,,,,2ª planta,Sí,,"E
155 kW h m² / año","E
39 kg CO₂ m² / año",,,
Barcelona,890.000 €,4 habs.,3 baños,299 m²,Escriptor Josep Roig I Raventos - Can Girona - Terramar - Vinyet,Casa adosada,,,,,,,"G
999 kW h m² / año","G
999 kg CO₂ m² / año",,,Privado
Barcelona,165.000 €,4 habs.,1 baño,123 m²,Murcia - San Antolin,Piso,,,,2ª planta,Sí,,"G
999 kW h m² / año","G
999 kg CO₂ m² / año",,,
Barcelona,1.250.000 €,7 habs.,4 baños,521 m²,L'Eliana - L'Eliana pueblo,Casa o chalet,Sureste,Muy bien,10 a 20 años,,,,"G
999 kW h m² / año","G
999 kg CO₂ m² / año",Gas Natural,Gas Natural,Privado
Barcelona,578.000 €,3 habs.,3 baños,113 m²,Provença - L'Antiga Esquerra de l'Eixample,Piso,,Muy bien,70 a 100 años,,,,"G
999 kW h m² / año","G
999 kg CO₂ m² / año",,,
Barcelona,730.000 €,4 habs.,2 baños,136 m²,Sarrià - Sant Gervasi - Sarrià,Piso,,,30 a 50 años,3ª planta,Sí,No,"F
231 kW h m² / año","E
48 kg CO₂ m² / año",,,Comunitario
Barcelona,699.000 €,4 habs.,2 baños,204 m²,Rafael Llopart - Aiguadolç - Sant Sebastià,Casa o chalet,,,,,,,"E
1 kW h m² / año","E
40 kg CO₂ m² / año",,,
Barcelona,495.000 €,3 habs.,1 baño,120 m²,Comtessa de Sobradiel - Barri Gòtic,Piso,,Bien,+ 100 años,3ª planta,Sí,No,"E
999 kW h m² / año","E
999 kg CO₂ m² / año",Gas Natural,Gas Natural,
Barcelona,288.000 €,4 habs.,3 baños,200 m²,Murcia - Juan Carlos I,Ático,,,,3ª planta,Sí,,"C
999 kW h m² / año","D
999 kg CO₂ m² / año",,,Privado
Valencia,390.000 €,5 habs.,2 baños,181 m²,Játiva - 4 - La Roqueta,Piso,,,70 a 100 años,5ª planta,Sí,,"G
999 kW h m² / año","G
999 kg CO₂ m² / año",,Electricidad,
Valencia,205.000 €,4 habs.,2 baños,129 m²,Calle del Doctor Manuel Candela - Albors,Piso,,,30 a 50 años,2ª planta,Sí,No,"G
999 kW h m² / año","G
999 kg CO₂ m² / año",,,Comunitario
Valencia,198.000 €,3 habs.,2 baños,105 m²,Calle Fuente del Jarro - Santa Rita,Piso,Noroeste,Casi nuevo,30 a 50 años,1ª planta,Sí,Sí,"G
999 kW h m² / año","G
999 kg CO₂ m² / año",,Electricidad,
Valencia,78.000 €,3 habs.,1 baño,107 m²,Plaza Barón - Beniparrell,Piso,,Muy bien,30 a 50 años,3ª planta,,No,"G
999 kW h m² / año","G
999 kg CO₂ m² / año",,,
Valencia,1.250.000 €,6 habs.,5 baños,757 m²,Godella - Campolivar,Casa o chalet,,Casi nuevo,,Bajos,,,"G
999 kW h m² / año","G
999 kg CO₂ m² / año",,,Privado
Valencia,820.000 €,4 habs.,3 baños,189 m²,Avenida del Mediterráneo - Niño Jesús,Piso,Sur,Bien,30 a 50 años,6ª planta,Sí,,"G
999 kW h m² / año","G
999 kg CO₂ m² / año",Gas Natural,Gas Natural,Privado
Valencia,290.000 €,2 habs.,2 baños,111 m²,L'Eixample - Russafa,Piso,Sur,Bien,,1ª planta,Sí,,"G
999 kW h m² / año","G
999 kg CO₂ m² / año",,,
Valencia,279.000 €,4 habs.,3 baños,246 m²,Picanya - zona metro,Casa adosada,Este,Casi nuevo,,,,,"D
101 kW h m² / año","D
40 kg CO₂ m² / año",,Electricidad,Privado
Valencia,,,,,,,,,,,,,,,,,
Valencia,320.000 €,2 habs.,2 baños,91 m²,Valencia - Campanar,Piso,,Casi nuevo,,5ª planta,Sí,,"G
999 kW h m² / año","G
999 kg CO₂ m² / año",,,Privado
Valencia,150.000 €,1 hab.,1 baño,52 m²,El Pla del Real - Exposició,Piso,Sur,Muy bien,30 a 50 años,3ª planta,Sí,Sí,"G
999 kW h m² / año","G
999 kg CO₂ m² / año",Electricidad,Electricidad,
Valencia,155.000 €,3 habs.,2 baños,105 m²,Benimar - Santa Rita,Piso,Noroeste,Casi nuevo,,3ª planta,Sí,,"E
95 kW h m² / año","E
40 kg CO₂ m² / año",,Gas Natural,Privado
Valencia,85.000 €,2 habs.,2 baños,74 m²,Urb. La Vall de Aigües Vives,Casa adosada,,,30 a 50 años,,,Sí,"G
999 kW h m² / año","G
999 kg CO₂ m² / año",,,
Valencia,45.000 €,3 habs.,1 baño,97 m²,Alzira - Zona Camilo Dolz,Piso,,,,4ª planta,,,"G
999 kW h m² / año","G
999 kg CO₂ m² / año",,,
Valencia,78.100 €,3 habs.,1 baño,88 m²,Castellon - Castello de la Plana - AVENIDA VALENCIA NORTE,Piso,,Muy bien,,9ª planta,Sí,,"G
999 kW h m² / año","G
999 kg CO₂ m² / año",,,
Valencia,318.000 €,3 habs.,2 baños,77 m²,Calle del Doctor Manuel Candela - Ciutat Jardí,Dúplex,Noreste,Casi nuevo,70 a 100 años,5ª planta,Sí,,"C
999 kW h m² / año","C
99 kg CO₂ m² / año",Gas Natural,Gas Natural,
Valencia,135.000 €,3 habs.,3 baños,155 m²,Almazora - Almassora - Almassora,Casa adosada,Este,Casi nuevo,,,,,"C
104 kW h m² / año","C
47 kg CO₂ m² / año",,Electricidad,Privado
Valencia,256.000 €,3 habs.,3 baños,177 m²,Moncada - Massarrojos,Casa adosada,,,,,,,"E
110 kW h m² / año","E
44 kg CO₂ m² / año",,,Privado
Valencia,208.000 €,3 habs.,1 baño,106 m²,Ingeniero Rafael Janini - L'Illa Perduda,Piso,,,,7ª planta,Sí,,"G
999 kW h m² / año","G
999 kg CO₂ m² / año",,,
Valencia,110.000 €,4 habs.,2 baños,140 m²,Torrent - Centro - Casco antiguo,Piso,Sureste,A reformar,30 a 50 años,1ª planta,Sí,,"E
173 kW h m² / año","E
31 kg CO₂ m² / año",,Electricidad,
Valencia,89.999 €,2 habs.,2 baños,116 m²,Calle Sequial - Sueca ciudad,Ático,Este,Casi nuevo,50 a 70 años,4ª planta,,,"G
999 kW h m² / año","G
999 kg CO₂ m² / año",,,
Valencia,370.000 €,4 habs.,2 baños,160 m²,Calle José María Haro Magistrado - La Carrasca,Piso,Este,Muy bien,20 a 30 años,12ª planta,Sí,,"G
999 kW h m² / año","G
999 kg CO₂ m² / año",Electricidad,Gas Natural,Comunitario
Valencia,79.900 €,4 habs.,2 baños,139 m²,Valencia - Corea,Piso,,,,4ª planta,Sí,,"G
999 kW h m² / año","G
999 kg CO₂ m² / año",,,
Valencia,295.000 €,3 habs.,2 baños,98 m²,Blas Gamez Ortiz - Ciutat de les Ciències i de les Arts - Justicia,Piso,,,,8ª planta,Sí,,"G
999 kW h m² / año","G
999 kg CO₂ m² / año",,,
Valencia,74.000 €,2 habs.,2 baños,105 m²,Oliva Pueblo,Piso,,Muy bien,,3ª planta,,Sí,"G
999 kW h m² / año","G
999 kg CO₂ m² / año",,,
Valencia,274.000 €,3 habs.,2 baños,195 m²,Sagunto / Sagunt,Casa adosada,,,,,,Sí,"G
999 kW h m² / año","G
999 kg CO₂ m² / año",,,Privado
Valencia,230.000 €,5 habs.,2 baños,188 m²,Hospital de Órbigo,Casa o chalet,Suroeste,Bien,,Principal,,Sí,"F
160.3 kW h m² / año","F
32.6 kg CO₂ m² / año",,,Privado
Valencia,295.000 €,1 hab.,2 baños,162 m²,Fundador - 5 - Campolivar,Casa o chalet,,,,,,,"E
205 kW h m² / año","E
40 kg CO₂ m² / año",,,Privado
Valencia,68.000 €,3 habs.,1 baño,65 m²,Calle Doctor Fleming - Albal,Piso,,Bien,50 a 70 años,,,,"G
999 kW h m² / año","G
999 kg CO₂ m² / año",,,
Valencia,125.000 €,3 habs.,1 baño,102 m²,Alboraya - Alboraya,Piso,Este,,,1ª planta,,,"G
999 kW h m² / año","G
999 kg CO₂ m² / año",,Gas Natural,
Valencia,137.000 €,3 habs.,2 baños,100 m²,Valencia - Els Orriols,Piso,,,,3ª planta,Sí,,"G
999 kW h m² / año","G
999 kg CO₂ m² / año",,,
Valencia,797.000 €,5 habs.,2 baños,192 m²,Madrid - Barri de les Corts,Piso,,,,,Sí,,"D
76 kW h m² / año","D
16 kg CO₂ m² / año",,,
Valencia,139.000 €,2 habs.,1 baño,80 m²,Brutau - Sol i Padris - Sant Oleguer,Piso,,,30 a 50 años,6ª planta,Sí,,"D
68 kW h m² / año","D
16 kg CO₂ m² / año",,,
Valencia,210.000 €,2 habs.,1 baño,70 m²,Mercat - Escoles Ribes,Piso,,,,,Sí,,"D
88 kW h m² / año","D
18 kg CO₂ m² / año",,,Privado
Valencia,110.000 €,3 habs.,1 baño,78 m²,Pere D'om - Creu de Barberà,Piso,,,,,,,"F
999 kW h m² / año","F
999 kg CO₂ m² / año",,,
Valencia,54.000 €,2 habs.,1 baño,59 m²,Osona - Ca n'Oriac,Piso,,,50 a 70 años,2ª planta,,,"G
999 kW h m² / año","G
999 kg CO₂ m² / año",,,
Valencia,550.000 €,2 habs.,1 baño,87 m²,Sarria,Piso,,Muy bien,,1ª planta,Sí,No,"G
240 kW h m² / año","E
999 kg CO₂ m² / año",,,
Valencia,1.330.000 €,4 habs.,3 baños,196 m²,Castelldefels - La Pineda,Casa adosada,,,,,,,"C
895 kW h m² / año","G
195 kg CO₂ m² / año",,,Privado
Valencia,1.395.000 €,2 habs.,2 baños,150 m²,Castelldefels,Casa o chalet,,,,,,No,"G
999 kW h m² / año","G
999 kg CO₂ m² / año",,,
Valencia,,,,,,,,,,,,,,,,,
Valencia,315.000 €,3 habs.,2 baños,118 m²,Doctor Buenaventura Carre - Fígares,Piso,,,,1ª planta,Sí,,"G
999 kW h m² / año","G
999 kg CO₂ m² / año",,,Privado
Valencia,137.000 €,3 habs.,1 baño,95 m²,Can Boada-Torrent d´en Pere Parres,Piso,,,30 a 50 años,1ª planta,Sí,,"E
172 kW h m² / año","E
36 kg CO₂ m² / año",,,
Valencia,626.000 €,5 habs.,2 baños,144 m²,Barcelona - Vila de Gràcia,Piso,,,,2ª planta,Sí,,"E
155 kW h m² / año","E
39 kg CO₂ m² / año",,,
Valencia,890.000 €,4 habs.,3 baños,299 m²,Escriptor Josep Roig I Raventos - Can Girona - Terramar - Vinyet,Casa adosada,,,,,,,"G
999 kW h m² / año","G
999 kg CO₂ m² / año",,,Privado
Valencia,165.000 €,4 habs.,1 baño,123 m²,Murcia - San Antolin,Piso,,,,2ª planta,Sí,,"G
999 kW h m² / año","G
999 kg CO₂ m² / año",,,
Valencia,1.250.000 €,7 habs.,4 baños,521 m²,L'Eliana - L'Eliana pueblo,Casa o chalet,Sureste,Muy bien,10 a 20 años,,,,"G
999 kW h m² / año","G
999 kg CO₂ m² / año",Gas Natural,Gas Natural,Privado
Valencia,578.000 €,3 habs.,3 baños,113 m²,Provença - L'Antiga Esquerra de l'Eixample,Piso,,Muy bien,70 a 100 años,,,,"G
999 kW h m² / año","G
999 kg CO₂ m² / año",,,
Valencia,730.000 €,4 habs.,2 baños,136 m²,Sarrià - Sant Gervasi - Sarrià,Piso,,,30 a 50 años,3ª planta,Sí,No,"F
231 kW h m² / año","E
48 kg CO₂ m² / año",,,Comunitario
Valencia,699.000 €,4 habs.,2 baños,204 m²,Rafael Llopart - Aiguadolç - Sant Sebastià,Casa o chalet,,,,,,,"E
1 kW h m² / año","E
40 kg CO₂ m² / año",,,
Valencia,495.000 €,3 habs.,1 baño,120 m²,Comtessa de Sobradiel - Barri Gòtic,Piso,,Bien,+ 100 años,3ª planta,Sí,No,"E
999 kW h m² / año","E
999 kg CO₂ m² / año",Gas Natural,Gas Natural,
Málaga,699.000 €,4 habs.,2 baños,160 m²,Avenida Manuel Agustín Heredia - Ensanche Centro - Puerto,Piso,Sur,Casi nuevo,,,Sí,,"G
999 kW h m² / año","G
999 kg CO₂ m² / año",,,
Málaga,184.300 €,2 habs.,2 baños,166 m²,Calle Valle de Somiedo - La Cala Golf - Lagar Martell,Piso,,,,,,,"G
999 kW h m² / año","G
999 kg CO₂ m² / año",,,Comunitario
Málaga,185.000 €,2 habs.,1 baño,61 m²,De Andalucía - Centro,Piso,Sur,Muy bien,,6ª planta,Sí,,"G
999 kW h m² / año","G
999 kg CO₂ m² / año",,,
Málaga,250.000 €,2 habs.,2 baños,88 m²,Estepona - Puerto - Plaza de Toros,Apartamento,,,,3ª planta,Sí,,"G
999 kW h m² / año","G
999 kg CO₂ m² / año",,,
Málaga,140.000 €,2 habs.,1 baño,60 m²,Centro,Apartamento,Oeste,Bien,,5ª planta,Sí,,"G
999 kW h m² / año","G
999 kg CO₂ m² / año",,,
Málaga,360.000 €,4 habs.,3 baños,159 m²,Calle Doña María de las Mercedes - Los Pacos,Dúplex,Sureste,Muy bien,10 a 20 años,3ª planta,Sí,,"E
20 kW h m² / año","D
20 kg CO₂ m² / año",,,Privado
Málaga,290.000 €,3 habs.,3 baños,190 m²,Arenas,Finca rústica,,,10 a 20 años,,,,"G
999 kW h m² / año","G
999 kg CO₂ m² / año",,,Privado
Málaga,200.000 €,3 habs.,2 baños,145 m²,Cruz Verde - Norte - Barrio del Pilar - El Reñidero,Piso,Oeste,Muy bien,10 a 20 años,2ª planta,Sí,Sí,"G
999 kW h m² / año","G
999 kg CO₂ m² / año",,,Privado
Málaga,,,,,,,,,,,,,,,,,
Málaga,1.200.000 €,3 habs.,2 baños,224 m²,Fuengirola,Ático,,,1 a 5 años,3ª planta,Sí,Sí,"B
21.1 kW h m² / año","B
3.64 kg CO₂ m² / año",,,Privado
Málaga,208.500 €,2 habs.,2 baños,126 m²,Avenida del Arroyo - Solymar,Piso,,Bien,10 a 20 años,3ª planta,Sí,,"E
20 kW h m² / año","E
20 kg CO₂ m² / año",,,Privado
Málaga,440.000 €,3 habs.,2 baños,112 m²,Calle Pablo de Sarasate - El Palo,Piso,Sur,Casi nuevo,10 a 20 años,,Sí,,"G
999 kW h m² / año","G
999 kg CO₂ m² / año",,,Privado
Málaga,233.500 €,3 habs.,2 baños,92 m²,Comercio - Rincón de la Victoria ciudad,Piso,,A reformar,,2ª planta,Sí,,"G
999 kW h m² / año","G
999 kg CO₂ m² / año",,,Privado
Málaga,211.500 €,2 habs.,2 baños,97 m²,Calle Arroyo Hondo - Torremuelle,Piso,Oeste,Muy bien,,2ª planta,Sí,,"D
20 kW h m² / año","D
20 kg CO₂ m² / año",,,Privado
Málaga,294.500 €,3 habs.,3 baños,179 m²,Urbanización Casares Golf y Country Club - 58 - Casares Golf - Casares del Sol,Piso,,Muy bien,,1ª planta,Sí,,"E
20 kW h m² / año","E
20 kg CO₂ m² / año",,,Privado
Málaga,125.300 €,1 hab.,1 baño,61 m²,Puerto de Estepona,Piso,,Bien,20 a 30 años,3ª planta,Sí,,"E
20 kW h m² / año","E
20 kg CO₂ m² / año",,,
Málaga,125.300 €,1 hab.,1 baño,61 m²,Torre Almenara - Urb. Bermeja - Mirador del Puerto - - S/n - Puerto de Estepona,Piso,,,20 a 30 años,3ª planta,Sí,,"E
84 kW h m² / año","E
17 kg CO₂ m² / año",,,
Málaga,1.180.000 €,4 habs.,4 baños,262 m²,Velilla - Velilla Taramay,Casa o chalet,,A reformar,,,,,Exento,Exento,,,Privado
Málaga,127.000 €,1 hab.,1 baño,50 m²,Los Pacos.,Apartamento,Este,Bien,30 a 50 años,1ª planta,,,"G
999 kW h m² / año","G
999 kg CO₂ m² / año",,,
Málaga,445.000 €,4 habs.,4 baños,183 m²,Benalmádena,Casa adosada,,Bien,20 a 30 años,,,No,Exento,Exento,Electricidad,Electricidad,Privado
Málaga,138.900 €,1 hab.,2 baños,72 m²,Cártama - ESTACIÓN DE CARTAMA,Piso,,Casi nuevo,,1ª planta,,,"G
999 kW h m² / año","G
999 kg CO₂ m² / año",,,
Málaga,395.000 €,2 habs.,2 baños,80 m²,Benalmádena,Apartamento,,,,,,,"G
999 kW h m² / año","G
999 kg CO₂ m² / año",,,
Málaga,59.900 €,1 hab.,1 baño,73 m²,Calle Higuera - Angustias - Chana - Encina,Piso,Sur,Muy bien,,Bajos,,,"E
307.4 kW h m² / año","E
57.41 kg CO₂ m² / año",,,
Málaga,270.300 €,4 habs.,2 baños,186 m²,Calle Cataluña - 44 - Los Castillejos - La Trinidad,Piso,,Bien,,5ª planta,Sí,,"E
20 kW h m² / año","E
20 kg CO₂ m² / año",,,
Málaga,256.500 €,3 habs.,1 baño,153 m²,Josefa Morales - 39 - Churriana - El Pizarrillo - La Noria-Guadalsol,Casa adosada,,,,,,,"G
999 kW h m² / año","G
999 kg CO₂ m² / año",,,
Málaga,207.100 €,3 habs.,1 baño,134 m²,Calle Jerez Perchet - 26 - Cortijo Bazán - Los Casinis - Los Cipreses,Piso,,,30 a 50 años,4ª planta,Sí,,"E
20 kW h m² / año","E
20 kg CO₂ m² / año",,,Privado
Málaga,140.000 €,2 habs.,1 baño,76 m²,Bailén - Miraflores - Suárez,Piso,Este,Bien,,Bajos,Sí,Sí,"G
999 kW h m² / año","G
999 kg CO₂ m² / año",,,
Málaga,100.000 €,1 hab.,1 baño,42 m²,Bailén - Miraflores - La Florida - Parque Norte,Piso,,Bien,,Bajos,Sí,,"G
999 kW h m² / año","G
999 kg CO₂ m² / año",,,
Málaga,90.000 €,1 baño,32 m²,3ª Planta,Torremolinos - La Colina,Estudio,Sur,Muy bien,,3ª planta,Sí,Sí,"G
999 kW h m² / año","G
999 kg CO₂ m² / año",,,
Málaga,435.000 €,3 habs.,2 baños,274 m²,Urbanización Torreblanca del Sol - Torreblanca,Casa o chalet,,,30 a 50 años,,,,"G
999 kW h m² / año","G
999 kg CO₂ m² / año",,,Privado
Málaga,180.000 €,2 habs.,1 baño,60 m²,Avenida Mar y Sol - Solymar,Piso,Sur,Casi nuevo,,4ª planta,Sí,,"G
999 kW h m² / año","G
999 kg CO₂ m² / año",,,Comunitario
Málaga,797.000 €,5 habs.,2 baños,192 m²,Madrid - Barri de les Corts,Piso,,,,,Sí,,"D
76 kW h m² / año","D
16 kg CO₂ m² / año",,,
Málaga,139.000 €,2 habs.,1 baño,80 m²,Brutau - Sol i Padris - Sant Oleguer,Piso,,,30 a 50 años,6ª planta,Sí,,"D
68 kW h m² / año","D
16 kg CO₂ m² / año",,,
Málaga,210.000 €,2 habs.,1 baño,70 m²,Mercat - Escoles Ribes,Piso,,,,,Sí,,"D
88 kW h m² / año","D
18 kg CO₂ m² / año",,,Privado
Málaga,110.000 €,3 habs.,1 baño,78 m²,Pere D'om - Creu de Barberà,Piso,,,,,,,"F
999 kW h m² / año","F
999 kg CO₂ m² / año",,,
Málaga,54.000 €,2 habs.,1 baño,59 m²,Osona - Ca n'Oriac,Piso,,,50 a 70 años,2ª planta,,,"G
999 kW h m² / año","G
999 kg CO₂ m² / año",,,
Málaga,550.000 €,2 habs.,1 baño,87 m²,Sarria,Piso,,Muy bien,,1ª planta,Sí,No,"G
240 kW h m² / año","E
999 kg CO₂ m² / año",,,
Málaga,1.330.000 €,4 habs.,3 baños,196 m²,Castelldefels - La Pineda,Casa adosada,,,,,,,"C
895 kW h m² / año","G
195 kg CO₂ m² / año",,,Privado
Málaga,1.395.000 €,2 habs.,2 baños,150 m²,Castelldefels,Casa o chalet,,,,,,No,"G
999 kW h m² / año","G
999 kg CO₂ m² / año",,,
Málaga,,,,,,,,,,,,,,,,,
Málaga,315.000 €,3 habs.,2 baños,118 m²,Doctor Buenaventura Carre - Fígares,Piso,,,,1ª planta,Sí,,"G
999 kW h m² / año","G
999 kg CO₂ m² / año",,,Privado
Málaga,137.000 €,3 habs.,1 baño,95 m²,Can Boada-Torrent d´en Pere Parres,Piso,,,30 a 50 años,1ª planta,Sí,,"E
172 kW h m² / año","E
36 kg CO₂ m² / año",,,
Málaga,626.000 €,5 habs.,2 baños,144 m²,Barcelona - Vila de Gràcia,Piso,,,,2ª planta,Sí,,"E
155 kW h m² / año","E
39 kg CO₂ m² / año",,,
Málaga,890.000 €,4 habs.,3 baños,299 m²,Escriptor Josep Roig I Raventos - Can Girona - Terramar - Vinyet,Casa adosada,,,,,,,"G
999 kW h m² / año","G
999 kg CO₂ m² / año",,,Privado
Málaga,165.000 €,4 habs.,1 baño,123 m²,Murcia - San Antolin,Piso,,,,2ª planta,Sí,,"G
999 kW h m² / año","G
999 kg CO₂ m² / año",,,
Málaga,1.250.000 €,7 habs.,4 baños,521 m²,L'Eliana - L'Eliana pueblo,Casa o chalet,Sureste,Muy bien,10 a 20 años,,,,"G
999 kW h m² / año","G
999 kg CO₂ m² / año",Gas Natural,Gas Natural,Privado
Málaga,578.000 €,3 habs.,3 baños,113 m²,Provença - L'Antiga Esquerra de l'Eixample,Piso,,Muy bien,70 a 100 años,,,,"G
999 kW h m² / año","G
999 kg CO₂ m² / año",,,
Málaga,730.000 €,4 habs.,2 baños,136 m²,Sarrià - Sant Gervasi - Sarrià,Piso,,,30 a 50 años,3ª planta,Sí,No,"F
231 kW h m² / año","E
48 kg CO₂ m² / año",,,Comunitario
Málaga,699.000 €,4 habs.,2 baños,204 m²,Rafael Llopart - Aiguadolç - Sant Sebastià,Casa o chalet,,,,,,,"E
1 kW h m² / año","E
40 kg CO₂ m² / año",,,
Málaga,495.000 €,3 habs.,1 baño,120 m²,Comtessa de Sobradiel - Barri Gòtic,Piso,,Bien,+ 100 años,3ª planta,Sí,No,"E
999 kW h m² / año","E
999 kg CO₂ m² / año",Gas Natural,Gas Natural,
Sevilla,145.000 €,2 habs.,1 baño,60 m²,Calle Concepción Arenal - Tiro de Línea,Piso,Sureste,Bien,70 a 100 años,1ª planta,,Sí,"G
999 kW h m² / año","G
999 kg CO₂ m² / año",Electricidad,Electricidad,
Sevilla,135.000 €,3 habs.,1 baño,88 m²,Dos Hermanas,Casa adosada,,,,,,,"G
999 kW h m² / año","G
999 kg CO₂ m² / año",,,
Sevilla,123.000 €,3 habs.,1 baño,80 m²,Calle Lisboa - El Cerro,Piso,,Casi nuevo,,2ª planta,,,"G
999 kW h m² / año","G
999 kg CO₂ m² / año",,,
Sevilla,285.000 €,2 habs.,1 baño,112 m²,Kansas City - 28 - San Pablo,Piso,,,,2ª planta,Sí,,"G
168 kW h m² / año","G
65 kg CO₂ m² / año",,,Privado
Sevilla,200.000 €,3 habs.,1 baño,85 m²,Calle Urbión - El Plantinar – Avda. La Paz - El Juncal,Piso,,Muy bien,50 a 70 años,1ª planta,Sí,,"G
999 kW h m² / año","G
999 kg CO₂ m² / año",,,
Sevilla,245.000 €,2 habs.,1 baño,75 m²,Hortaleza - Canillas,Piso,Sureste,Casi nuevo,,Bajos,Sí,,"G
999 kW h m² / año","G
999 kg CO₂ m² / año",Electricidad,Electricidad,
Sevilla,146.000 €,2 habs.,1 baño,82 m²,Sevilla - Emilio Lemos,Piso,,,,4ª planta,Sí,,"G
999 kW h m² / año","G
999 kg CO₂ m² / año",,,Privado
Sevilla,240.000 €,2 habs.,2 baños,130 m²,Avenida de Kansas City - San Pablo,Piso,,Casi nuevo,10 a 20 años,7ª planta,Sí,,"G
999 kW h m² / año","G
999 kg CO₂ m² / año",,,Privado
Sevilla,,,,,,,,,,,,,,,,,
Sevilla,440.000 €,4 habs.,2 baños,186 m²,Hortaleza - Pinar del Rey,Piso,Sureste,Bien,,1ª planta,,,"G
999 kW h m² / año","G
999 kg CO₂ m² / año",Gas Natural,Gas Natural,
Sevilla,289.000 €,4 habs.,2 baños,143 m²,Calle Pepe Suero - El Cerro,Casa o chalet,,Casi nuevo,,Principal,,,"G
999 kW h m² / año","G
999 kg CO₂ m² / año",,,
Sevilla,65.000 €,3 habs.,1 baño,75 m²,Castilleja de la Cuesta - Nueva Sevilla,Piso,,Bien,30 a 50 años,3ª planta,,,"G
999 kW h m² / año","G
999 kg CO₂ m² / año",,,
Sevilla,479.000 €,4 habs.,2 baños,123 m²,Jose de la Camara - 7 - Alfalfa - Santa Cruz,Piso,,,,2ª planta,Sí,,"D
999 kW h m² / año","E
999 kg CO₂ m² / año",,,Privado
Sevilla,190.000 €,1 hab.,1 baño,46 m²,Casco Antiguo - Santa Catalina,Apartamento,,Casi nuevo,,Bajos,,No,"G
999 kW h m² / año","G
999 kg CO₂ m² / año",Electricidad,Electricidad,
Sevilla,120.000 €,3 habs.,2 baños,94 m²,Sor Ángela de la Cruz (torre de la Reina) - Guillena,Casa o chalet,Este,Muy bien,10 a 20 años,Bajos,,,"G
999 kW h m² / año","G
999 kg CO₂ m² / año",,,Privado
Sevilla,410.000 €,5 habs.,3 baños,263 m²,Mairena del Aljarafe - Simon Verde,Casa adosada,,,,,,,"G
999 kW h m² / año","G
999 kg CO₂ m² / año",,,
Sevilla,239.900 €,3 habs.,3 baños,145 m²,Dos Hermanas - Arco Norte - Avda. España,Casa o chalet,,Muy bien,10 a 20 años,,,,"G
999 kW h m² / año","G
999 kg CO₂ m² / año",,,Privado
Sevilla,210.000 €,3 habs.,1 baño,85 m²,Calle Redes - 13 - San Vicente,Piso,,A reformar,50 a 70 años,,,,"G
999 kW h m² / año","G
999 kg CO₂ m² / año",,,
Sevilla,210.000 €,2 habs.,2 baños,77 m²,Mairena del Aljarafe - Nuevo Bulevar,Piso,,Muy bien,10 a 20 años,3ª planta,Sí,,"D
77 kW h m² / año","D
64 kg CO₂ m² / año",,,Comunitario
Sevilla,399.000 €,3 habs.,2 baños,271 m²,Dos Hermanas - Entrenúcleos,Casa adosada,Este,A reformar,,,,,"G
999 kW h m² / año","G
999 kg CO₂ m² / año",,,Privado
Sevilla,440.000 €,4 habs.,3 baños,141 m²,Juan de Padilla - 2 - Barrio del Nervión,Piso,,,,8ª planta,Sí,,"E
999 kW h m² / año","E
999 kg CO₂ m² / año",,,
Sevilla,1.095.000 €,4 habs.,3 baños,209 m²,Avenida de Filipinas - Vallehermoso,Piso,Norte,A reformar,50 a 70 años,6ª planta,Sí,Sí,"G
999 kW h m² / año","G
999 kg CO₂ m² / año",,,
Sevilla,335.000 €,4 habs.,2 baños,146 m²,Calle Céfiro - La Calzada - La Florida,Piso,,Muy bien,30 a 50 años,1ª planta,Sí,,"G
999 kW h m² / año","G
999 kg CO₂ m² / año",,,
Sevilla,320.000 €,4 habs.,3 baños,202 m²,Campanilla - Olivar de Quintos,Casa adosada,,,,,,,"C
56 kW h m² / año","B
9 kg CO₂ m² / año",,,Privado
Sevilla,169.990 €,2 habs.,1 baño,77 m²,Calle Afrodita - Bellavista,Piso,Noreste,Bien,10 a 20 años,1ª planta,Sí,,"G
999 kW h m² / año","G
999 kg CO₂ m² / año",,,Comunitario
Sevilla,500.000 €,3 habs.,2 baños,148 m²,Avenida Flota de Indias - Los Remedios,Piso,,Casi nuevo,,1ª planta,Sí,,"G
999 kW h m² / año","G
999 kg CO₂ m² / año",,,
Sevilla,180.000 €,5 habs.,2 baños,184 m²,Calle Calafates - Alcalá del Río,Casa o chalet,,Bien,,,,,"E
145.2 kW h m² / año","E
56.3 kg CO₂ m² / año",,,
Sevilla,280.000 €,3 habs.,3 baños,173 m²,San Juan de Aznalfarache - Barrio Bajo,Casa adosada,Este,Muy bien,10 a 20 años,,,,"G
999 kW h m² / año","G
999 kg CO₂ m² / año",,,Comunitario
Sevilla,110.000 €,3 habs.,1 baño,62 m²,Avenida de Kansas City - San Pablo,Piso,Este,Muy bien,30 a 50 años,,Sí,,"G
999 kW h m² / año","G
999 kg CO₂ m² / año",,,
Sevilla,120.000 €,3 habs.,2 baños,108 m²,Juan XXIII - Gibraleón,Ático,,,,2ª planta,Sí,,"G
999 kW h m² / año","G
999 kg CO₂ m² / año",,,
Sevilla,140.000 €,3 habs.,2 baños,112 m²,Sevilla - Parque Alcosa,Piso,,,,4ª planta,,,"G
999 kW h m² / año","G
999 kg CO₂ m² / año",,,Privado
Sevilla,797.000 €,5 habs.,2 baños,192 m²,Madrid - Barri de les Corts,Piso,,,,,Sí,,"D
76 kW h m² / año","D
16 kg CO₂ m² / año",,,
Sevilla,139.000 €,2 habs.,1 baño,80 m²,Brutau - Sol i Padris - Sant Oleguer,Piso,,,30 a 50 años,6ª planta,Sí,,"D
68 kW h m² / año","D
16 kg CO₂ m² / año",,,
Sevilla,210.000 €,2 habs.,1 baño,70 m²,Mercat - Escoles Ribes,Piso,,,,,Sí,,"D
88 kW h m² / año","D
18 kg CO₂ m² / año",,,Privado
Sevilla,110.000 €,3 habs.,1 baño,78 m²,Pere D'om - Creu de Barberà,Piso,,,,,,,"F
999 kW h m² / año","F
999 kg CO₂ m² / año",,,
Sevilla,54.000 €,2 habs.,1 baño,59 m²,Osona - Ca n'Oriac,Piso,,,50 a 70 años,2ª planta,,,"G
999 kW h m² / año","G
999 kg CO₂ m² / año",,,
Sevilla,550.000 €,2 habs.,1 baño,87 m²,Sarria,Piso,,Muy bien,,1ª planta,Sí,No,"G
240 kW h m² / año","E
999 kg CO₂ m² / año",,,
Sevilla,1.330.000 €,4 habs.,3 baños,196 m²,Castelldefels - La Pineda,Casa adosada,,,,,,,"C
895 kW h m² / año","G
195 kg CO₂ m² / año",,,Privado
Sevilla,1.395.000 €,2 habs.,2 baños,150 m²,Castelldefels,Casa o chalet,,,,,,No,"G
999 kW h m² / año","G
999 kg CO₂ m² / año",,,
Sevilla,,,,,,,,,,,,,,,,,
Sevilla,315.000 €,3 habs.,2 baños,118 m²,Doctor Buenaventura Carre - Fígares,Piso,,,,1ª planta,Sí,,"G
999 kW h m² / año","G
999 kg CO₂ m² / año",,,Privado
Sevilla,137.000 €,3 habs.,1 baño,95 m²,Can Boada-Torrent d´en Pere Parres,Piso,,,30 a 50 años,1ª planta,Sí,,"E
172 kW h m² / año","E
36 kg CO₂ m² / año",,,
Sevilla,626.000 €,5 habs.,2 baños,144 m²,Barcelona - Vila de Gràcia,Piso,,,,2ª planta,Sí,,"E
155 kW h m² / año","E
39 kg CO₂ m² / año",,,
Sevilla,890.000 €,4 habs.,3 baños,299 m²,Escriptor Josep Roig I Raventos - Can Girona - Terramar - Vinyet,Casa adosada,,,,,,,"G
999 kW h m² / año","G
999 kg CO₂ m² / año",,,Privado
Sevilla,165.000 €,4 habs.,1 baño,123 m²,Murcia - San Antolin,Piso,,,,2ª planta,Sí,,"G
999 kW h m² / año","G
999 kg CO₂ m² / año",,,
Sevilla,1.250.000 €,7 habs.,4 baños,521 m²,L'Eliana - L'Eliana pueblo,Casa o chalet,Sureste,Muy bien,10 a 20 años,,,,"G
999 kW h m² / año","G
999 kg CO₂ m² / año",Gas Natural,Gas Natural,Privado
Sevilla,578.000 €,3 habs.,3 baños,113 m²,Provença - L'Antiga Esquerra de l'Eixample,Piso,,Muy bien,70 a 100 años,,,,"G
999 kW h m² / año","G
999 kg CO₂ m² / año",,,
Sevilla,730.000 €,4 habs.,2 baños,136 m²,Sarrià - Sant Gervasi - Sarrià,Piso,,,30 a 50 años,3ª planta,Sí,No,"F
231 kW h m² / año","E
48 kg CO₂ m² / año",,,Comunitario
Sevilla,699.000 €,4 habs.,2 baños,204 m²,Rafael Llopart - Aiguadolç - Sant Sebastià,Casa o chalet,,,,,,,"E
1 kW h m² / año","E
40 kg CO₂ m² / año",,,
Sevilla,495.000 €,3 habs.,1 baño,120 m²,Comtessa de Sobradiel - Barri Gòtic,Piso,,Bien,+ 100 años,3ª planta,Sí,No,"E
999 kW h m² / año","E
999 kg CO₂ m² / año",Gas Natural,Gas Natural,
Zaragoza,215.000 €,3 habs.,2 baños,109 m²,Calafell - Playa de Calafell,Piso,,Casi nuevo,,4ª planta,Sí,,"G
999 kW h m² / año","G
999 kg CO₂ m² / año",,,
Zaragoza,222.999 €,3 habs.,2 baños,92 m²,Santa Lucía - San Pablo,Piso,Este,Muy bien,,3ª planta,Sí,,"E
999 kW h m² / año","E
999 kg CO₂ m² / año",Gas Natural,,Privado
Zaragoza,65.000 €,3 habs.,1 baño,246 m²,Eras - Morés,Casa o chalet,,,,,,,"G
999 kW h m² / año","G
999 kg CO₂ m² / año",,,Privado
Zaragoza,245.000 €,1 hab.,1 baño,60 m²,Calle de Torremanzanas - Playa Poniente,Apartamento,Sur,Casi nuevo,10 a 20 años,11ª planta,Sí,Sí,"G
999 kW h m² / año","G
999 kg CO₂ m² / año",Gas Natural,Gas Natural,Privado
Zaragoza,270.000 €,3 habs.,1 baño,91 m²,Galeón - Alameda de Osuna,Piso,,,,2ª planta,Sí,,"E
999 kW h m² / año","E
999 kg CO₂ m² / año",,,
Zaragoza,59.900 €,2 habs.,1 baño,50 m²,Nuestra Señora del Agua - Barrio de San José,Piso,,Bien,,5ª planta,,,Exento,Exento,,,
Zaragoza,70.000 €,4 habs.,1 baño,226 m²,Calle Albero - Leciñena,Casa o chalet,Oeste,Casi nuevo,,,,,"G
999 kW h m² / año","G
999 kg CO₂ m² / año",,,
Zaragoza,27.999 €,3 habs.,2 baños,170 m²,Calle Costa - Muel,Casa o chalet,Sur,A reformar,,,,,Exento,Exento,,,
Zaragoza,,,,,,,,,,,,,,,,,
Zaragoza,124.999 €,2 habs.,2 baños,85 m²,Ramon y Cajal - Cadrete,Piso,Este,Muy bien,,,,,Exento,Exento,Gas Natural,Gas Natural,Privado
Zaragoza,177.999 €,3 habs.,3 baños,210 m²,Calle Francisco de Goya - Cadrete,Casa o chalet,Sur,Casi nuevo,,,,,Exento,Exento,Gas Natural,Gas Natural,Privado
Zaragoza,35.999 €,2 habs.,1 baño,63 m²,Diputación Provincial - Cabañas de Ebro,Finca rústica,,Casi nuevo,,,,,Exento,Exento,,,
Zaragoza,178.999 €,3 habs.,1 baño,130 m²,Avenida Virgen de la Fuente - Muel,Casa o chalet,Sur,Casi nuevo,,,,,Exento,Exento,,,
Zaragoza,375.000 €,496 m²,,,CASTELLON DE LA PLANA-CENTRO EXPTE.61,Casa o chalet,,,,,,,"G
999 kW h m² / año","G
999 kg CO₂ m² / año",,,
Zaragoza,65.000 €,2 habs.,1 baño,56 m²,Paseo de Echegaray y Caballero - 188 - La Magdalena,Piso,,,,3ª planta,,,"G
999 kW h m² / año","G
999 kg CO₂ m² / año",Gas Natural,Gas Natural,
Zaragoza,135.000 €,3 habs.,2 baños,97 m²,Cartagena - Pinseque,Casa adosada,Este,Muy bien,,,,,"G
999 kW h m² / año","G
999 kg CO₂ m² / año",,Electricidad,Privado
Zaragoza,47.000 €,3 habs.,1 baño,113 m²,Remolinos,Casa o chalet,,,,,,Sí,"G
999 kW h m² / año","G
999 kg CO₂ m² / año",Gasóleo,,
Zaragoza,51.000 €,6 habs.,2 baños,150 m²,Calle María del Ruste - Pina de Ebro,Casa o chalet,,,,,,,"G
999 kW h m² / año","G
999 kg CO₂ m² / año",,,
Zaragoza,127.999 €,2 habs.,2 baños,180 m²,Luis Buñuel - Zuera,Casa o chalet,,Bien,,,,,Exento,Exento,,,Privado
Zaragoza,97.990 €,3 habs.,1 baño,95 m²,Calle Doce de Octubre - San José Alto,Piso,Sur,Bien,50 a 70 años,Principal,Sí,Sí,"G
999 kW h m² / año","G
999 kg CO₂ m² / año",Gas Natural,Gas Natural,
Zaragoza,131.999 €,3 habs.,1 baño,80 m²,Marcelino Unceta - Alfonso,Piso,,Muy bien,,1ª planta,,,Exento,Exento,Gas Natural,,
Zaragoza,98.999 €,4 habs.,2 baños,180 m²,Nacional 2 - Garrapinillos,Finca rústica,,Bien,,,,,Exento,Exento,,,
Zaragoza,639.999 €,7 habs.,3 baños,500 m²,Movera - Movera,Casa o chalet,,Bien,,,,,Exento,Exento,,,Privado
Zaragoza,96.000 €,3 habs.,1 baño,68 m²,Zaragoza - Casablanca,Piso,,,,3ª planta,,,"G
999 kW h m² / año","G
999 kg CO₂ m² / año",,,
Zaragoza,129.000 €,2 habs.,1 baño,78 m²,Concepción Arenal - Universidad San Francisco,Piso,,,70 a 100 años,2ª planta,Sí,,"G
999 kW h m² / año","G
999 kg CO₂ m² / año",,,
Zaragoza,68.400 €,3 habs.,1 baño,29 m²,Cl Calle Alcalde Costa - Instituts - Universitat,Piso,,,,,,,"G
999 kW h m² / año","G
999 kg CO₂ m² / año",,,
Zaragoza,103.000 €,2 habs.,1 baño,78 m²,Calle Venecia - Pinares de Venecia,Piso,,Reformado,,,,Sí,"G
999 kW h m² / año","G
999 kg CO₂ m² / año",,,
Zaragoza,194.999 €,3 habs.,2 baños,150 m²,La Sagrada - Monzalbarba,Casa adosada,,Muy bien,,,,,Exento,Exento,,,Privado
Zaragoza,560.000 €,6 habs.,3 baños,560 m²,Avenida de la Ilustración - Montecanal,Casa o chalet,Oeste,Casi nuevo,,,,,"G
999 kW h m² / año","G
999 kg CO₂ m² / año",,,
Zaragoza,215.000 €,3 habs.,2 baños,109 m²,Calafell - Playa de Calafell,Piso,,Casi nuevo,,4ª planta,Sí,,"G
999 kW h m² / año","G
999 kg CO₂ m² / año",,,
Zaragoza,107.000 €,2 habs.,1 baño,86 m²,De España - 6 - Cadrete,Piso,Sur,Muy bien,,,Sí,,"G
999 kW h m² / año","G
999 kg CO₂ m² / año",Gas Natural,Gas Natural,Privado
Zaragoza,797.000 €,5 habs.,2 baños,192 m²,Madrid - Barri de les Corts,Piso,,,,,Sí,,"D
76 kW h m² / año","D
16 kg CO₂ m² / año",,,
Zaragoza,139.000 €,2 habs.,1 baño,80 m²,Brutau - Sol i Padris - Sant Oleguer,Piso,,,30 a 50 años,6ª planta,Sí,,"D
68 kW h m² / año","D
16 kg CO₂ m² / año",,,
Zaragoza,210.000 €,2 habs.,1 baño,70 m²,Mercat - Escoles Ribes,Piso,,,,,Sí,,"D
88 kW h m² / año","D
18 kg CO₂ m² / año",,,Privado
Zaragoza,110.000 €,3 habs.,1 baño,78 m²,Pere D'om - Creu de Barberà,Piso,,,,,,,"F
999 kW h m² / año","F
999 kg CO₂ m² / año",,,
Zaragoza,54.000 €,2 habs.,1 baño,59 m²,Osona - Ca n'Oriac,Piso,,,50 a 70 años,2ª planta,,,"G
999 kW h m² / año","G
999 kg CO₂ m² / año",,,
Zaragoza,550.000 €,2 habs.,1 baño,87 m²,Sarria,Piso,,Muy bien,,1ª planta,Sí,No,"G
240 kW h m² / año","E
999 kg CO₂ m² / año",,,
Zaragoza,1.330.000 €,4 habs.,3 baños,196 m²,Castelldefels - La Pineda,Casa adosada,,,,,,,"C
895 kW h m² / año","G
195 kg CO₂ m² / año",,,Privado
Zaragoza,1.395.000 €,2 habs.,2 baños,150 m²,Castelldefels,Casa o chalet,,,,,,No,"G
999 kW h m² / año","G
999 kg CO₂ m² / año",,,
Zaragoza,,,,,,,,,,,,,,,,,
Zaragoza,315.000 €,3 habs.,2 baños,118 m²,Doctor Buenaventura Carre - Fígares,Piso,,,,1ª planta,Sí,,"G
999 kW h m² / año","G
999 kg CO₂ m² / año",,,Privado
Zaragoza,137.000 €,3 habs.,1 baño,95 m²,Can Boada-Torrent d´en Pere Parres,Piso,,,30 a 50 años,1ª planta,Sí,,"E
172 kW h m² / año","E
36 kg CO₂ m² / año",,,
Zaragoza,626.000 €,5 habs.,2 baños,144 m²,Barcelona - Vila de Gràcia,Piso,,,,2ª planta,Sí,,"E
155 kW h m² / año","E
39 kg CO₂ m² / año",,,
Zaragoza,890.000 €,4 habs.,3 baños,299 m²,Escriptor Josep Roig I Raventos - Can Girona - Terramar - Vinyet,Casa adosada,,,,,,,"G
999 kW h m² / año","G
999 kg CO₂ m² / año",,,Privado
Zaragoza,165.000 €,4 habs.,1 baño,123 m²,Murcia - San Antolin,Piso,,,,2ª planta,Sí,,"G
999 kW h m² / año","G
999 kg CO₂ m² / año",,,
Zaragoza,1.250.000 €,7 habs.,4 baños,521 m²,L'Eliana - L'Eliana pueblo,Casa o chalet,Sureste,Muy bien,10 a 20 años,,,,"G
999 kW h m² / año","G
999 kg CO₂ m² / año",Gas Natural,Gas Natural,Privado
Zaragoza,578.000 €,3 habs.,3 baños,113 m²,Provença - L'Antiga Esquerra de l'Eixample,Piso,,Muy bien,70 a 100 años,,,,"G
999 kW h m² / año","G
999 kg CO₂ m² / año",,,
Zaragoza,730.000 €,4 habs.,2 baños,136 m²,Sarrià - Sant Gervasi - Sarrià,Piso,,,30 a 50 años,3ª planta,Sí,No,"F
231 kW h m² / año","E
48 kg CO₂ m² / año",,,Comunitario
Zaragoza,699.000 €,4 habs.,2 baños,204 m²,Rafael Llopart - Aiguadolç - Sant Sebastià,Casa o chalet,,,,,,,"E
1 kW h m² / año","E
40 kg CO₂ m² / año",,,
Zaragoza,495.000 €,3 habs.,1 baño,120 m²,Comtessa de Sobradiel - Barri Gòtic,Piso,,Bien,+ 100 años,3ª planta,Sí,No,"E
999 kW h m² / año","E
999 kg CO₂ m² / año",Gas Natural,Gas Natural,
Bilbao,279.000 €,3 habs.,2 baños,111 m²,Siete Calles - Casco Viejo,Piso,Este,Bien,70 a 100 años,3ª planta,,,"G
999 kW h m² / año","G
999 kg CO₂ m² / año",Butano,Gas Natural,
Bilbao,185.000 €,3 habs.,1 baño,66 m²,Calle Santutxu - Santutxu - Basarrate,Piso,,Muy bien,50 a 70 años,3ª planta,Sí,,"F
228 kW h m² / año","F
53 kg CO₂ m² / año",Gas Natural,Gas Natural,
Bilbao,279.000 €,3 habs.,2 baños,111 m²,Santa Maria  - Casco Viejo,Piso,,Bien,,3ª planta,,,"E
167 kW h m² / año","E
33 kg CO₂ m² / año",Gas Natural,Gas Natural,
Bilbao,589.000 €,2 habs.,2 baños,78 m²,Calle del Divino Pastor - Universidad - Malasaña,Piso,Sur,Muy bien,+ 100 años,,Sí,,"A
28.5 kW h m² / año","A
5.3 kg CO₂ m² / año",,,
Bilbao,189.900 €,2 habs.,1 baño,75 m²,Bilbao - Rekalde,Piso,Sureste,Muy bien,,3ª planta,Sí,,"E
999 kW h m² / año","E
999 kg CO₂ m² / año",Gas Natural,Gas Natural,
Bilbao,675.000 €,4 habs.,2 baños,140 m²,Calle Canciller Ayala - Plaza Circular,Piso,,Casi nuevo,+ 100 años,3ª planta,Sí,,"G
999 kW h m² / año","G
999 kg CO₂ m² / año",Gas Natural,Gas Natural,
Bilbao,139.900 €,3 habs.,1 baño,78 m²,Zurbaranbarri Auzoa - Zurbaran,Piso,Sur,Bien,50 a 70 años,4ª planta,,,"G
229 kW h m² / año","F
47 kg CO₂ m² / año",Gas Natural,Gas Natural,
Bilbao,153.000 €,3 habs.,1 baño,60 m²,Santa Teresa,Piso,Sur,Casi nuevo,,2ª planta,,,"G
39 kW h m² / año","E
231 kg CO₂ m² / año",Electricidad,,
Bilbao,,,,,,,,,,,,,,,,,
Bilbao,330.000 €,3 habs.,2 baños,115 m²,Llano,Piso,Sureste,Bien,,4ª planta,,,"E
111 kW h m² / año","D
23 kg CO₂ m² / año",Gas Natural,Gas Natural,Privado
Bilbao,176.000 €,3 habs.,1 baño,70 m²,Cruces,Piso,Sureste,Bien,70 a 100 años,6ª planta,Sí,,"G
278 kW h m² / año","G
69 kg CO₂ m² / año",Gas Natural,Gas Natural,
Bilbao,125.000 €,2 habs.,1 baño,60 m²,Arteagabeitia,Piso,Este,Bien,,3ª planta,,Sí,"G
216 kW h m² / año","G
40 kg CO₂ m² / año",Electricidad,Electricidad,
Bilbao,235.000 €,2 habs.,1 baño,75 m²,Santa Teresa,Piso,Sur,Bien,,6ª planta,Sí,,"G
999 kW h m² / año","G
999 kg CO₂ m² / año",Gas Natural,Gas Natural,
Bilbao,120.000 €,3 habs.,1 baño,71 m²,Upomendi Auzoa - . - Galdakao,Piso,Noroeste,,50 a 70 años,2ª planta,,Sí,"G
999 kW h m² / año","G
999 kg CO₂ m² / año",,,
Bilbao,415.000 €,3 habs.,2 baños,119 m²,Centro,Piso,,Bien,10 a 20 años,1ª planta,Sí,,"G
999 kW h m² / año","G
999 kg CO₂ m² / año",,,Privado
Bilbao,640.000 €,7 habs.,5 baños,483 m²,Izurtza - Izurtza,Finca rústica,,Bien,,,,,"E
189 kW h m² / año","E
45 kg CO₂ m² / año",,Gasóleo,Privado
Bilbao,185.000 €,2 habs.,1 baño,50 m²,Ataúlfo Argenta - Cotolino,Piso,,,20 a 30 años,3ª planta,Sí,Sí,"G
999 kW h m² / año","G
999 kg CO₂ m² / año",,,
Bilbao,213.000 €,3 habs.,1 baño,80 m²,Bilbao - Basurto,Piso,Este,A reformar,,3ª planta,Sí,,"G
273 kW h m² / año","G
56 kg CO₂ m² / año",,Electricidad,
Bilbao,309.300 €,,,,,,,,,,,,,,,,
Bilbao,120.000 €,3 habs.,1 baño,75 m²,Balmaseda,Piso,,Bien,,5ª planta,Sí,,"G
229 kW h m² / año","F
48 kg CO₂ m² / año",Gas Natural,Gas Natural,
Bilbao,1.150.000 €,4 habs.,4 baños,190 m²,Calle Ripa - Plaza Circular,Ático,,Bien,30 a 50 años,5ª planta,Sí,,"G
999 kW h m² / año","G
999 kg CO₂ m² / año",,,
Bilbao,280.000 €,2 habs.,1 baño,80 m²,Zabalbide - Atxuri,Piso,,,,1ª planta,,,"F
206 kW h m² / año","E
43 kg CO₂ m² / año",,,
Bilbao,400.000 €,3 habs.,1 baño,80 m²,Simón Bolívar Kalea - Zona Indautxu,Piso,Noreste,Muy bien,50 a 70 años,6ª planta,Sí,,"F
288 kW h m² / año","G
61 kg CO₂ m² / año",Gas Natural,Gas Natural,
Bilbao,294.000 €,2 habs.,2 baños,38 m²,Calle Monteleón - Universidad - Malasaña,Piso,,Casi nuevo,,2ª planta,Sí,Sí,"G
999 kW h m² / año","G
999 kg CO₂ m² / año",Gas Natural,,
Bilbao,193.000 €,2 habs.,2 baños,85 m²,Barrio Mioño - Mioño - Santullán,Ático,Sur,Muy bien,,3ª planta,Sí,Sí,"G
999 kW h m² / año","G
999 kg CO₂ m² / año",Gas Natural,Gas Natural,Privado
Bilbao,540.000 €,6 habs.,3 baños,189 m²,Kalea Luis Briñas - Basurtu,Piso,,,50 a 70 años,1ª planta,Sí,,"G
999 kW h m² / año","G
999 kg CO₂ m² / año",Gas Natural,,
Bilbao,139.900 €,2 habs.,1 baño,50 m²,Hernani Kalea - San Francisco,Piso,,Bien,,6ª planta,Sí,,"G
999 kW h m² / año","G
999 kg CO₂ m² / año",Gas Natural,Gas Natural,
Bilbao,470.000 €,5 habs.,2 baños,123 m²,Plaza Indautxu - Indautxu,Piso,Oeste,A reformar,,1ª planta,Sí,,"G
999 kW h m² / año","G
999 kg CO₂ m² / año",,Gas Natural,
Bilbao,485.000 €,4 habs.,2 baños,133 m²,Plaza Indautxu - Indautxu,Piso,Oeste,A reformar,70 a 100 años,1ª planta,Sí,,"G
999 kW h m² / año","G
999 kg CO₂ m² / año",,Gas Natural,
Bilbao,1.150.000 €,4 habs.,4 baños,200 m²,Calle Ripa - Plaza Circular,Dúplex,,Bien,,5ª planta,Sí,,"G
999 kW h m² / año","G
999 kg CO₂ m² / año",Gas Natural,Gas Natural,Privado
Bilbao,665.000 €,3 habs.,2 baños,130 m²,Calle de Escosura - Arapiles,Piso,,,70 a 100 años,4ª planta,Sí,,"G
999 kW h m² / año","G
999 kg CO₂ m² / año",,,
Bilbao,797.000 €,5 habs.,2 baños,192 m²,Madrid - Barri de les Corts,Piso,,,,,Sí,,"D
76 kW h m² / año","D
16 kg CO₂ m² / año",,,
Bilbao,139.000 €,2 habs.,1 baño,80 m²,Brutau - Sol i Padris - Sant Oleguer,Piso,,,30 a 50 años,6ª planta,Sí,,"D
68 kW h m² / año","D
16 kg CO₂ m² / año",,,
Bilbao,210.000 €,2 habs.,1 baño,70 m²,Mercat - Escoles Ribes,Piso,,,,,Sí,,"D
88 kW h m² / año","D
18 kg CO₂ m² / año",,,Privado
Bilbao,110.000 €,3 habs.,1 baño,78 m²,Pere D'om - Creu de Barberà,Piso,,,,,,,"F
999 kW h m² / año","F
999 kg CO₂ m² / año",,,
Bilbao,54.000 €,2 habs.,1 baño,59 m²,Osona - Ca n'Oriac,Piso,,,50 a 70 años,2ª planta,,,"G
999 kW h m² / año","G
999 kg CO₂ m² / año",,,
Bilbao,550.000 €,2 habs.,1 baño,87 m²,Sarria,Piso,,Muy bien,,1ª planta,Sí,No,"G
240 kW h m² / año","E
999 kg CO₂ m² / año",,,
Bilbao,1.330.000 €,4 habs.,3 baños,196 m²,Castelldefels - La Pineda,Casa adosada,,,,,,,"C
895 kW h m² / año","G
195 kg CO₂ m² / año",,,Privado
Bilbao,1.395.000 €,2 habs.,2 baños,150 m²,Castelldefels,Casa o chalet,,,,,,No,"G
999 kW h m² / año","G
999 kg CO₂ m² / año",,,
Bilbao,,,,,,,,,,,,,,,,,
Bilbao,315.000 €,3 habs.,2 baños,118 m²,Doctor Buenaventura Carre - Fígares,Piso,,,,1ª planta,Sí,,"G
999 kW h m² / año","G
999 kg CO₂ m² / año",,,Privado
Bilbao,137.000 €,3 habs.,1 baño,95 m²,Can Boada-Torrent d´en Pere Parres,Piso,,,30 a 50 años,1ª planta,Sí,,"E
172 kW h m² / año","E
36 kg CO₂ m² / año",,,
Bilbao,626.000 €,5 habs.,2 baños,144 m²,Barcelona - Vila de Gràcia,Piso,,,,2ª planta,Sí,,"E
155 kW h m² / año","E
39 kg CO₂ m² / año",,,
Bilbao,890.000 €,4 habs.,3 baños,299 m²,Escriptor Josep Roig I Raventos - Can Girona - Terramar - Vinyet,Casa adosada,,,,,,,"G
999 kW h m² / año","G
999 kg CO₂ m² / año",,,Privado
Bilbao,165.000 €,4 habs.,1 baño,123 m²,Murcia - San Antolin,Piso,,,,2ª planta,Sí,,"G
999 kW h m² / año","G
999 kg CO₂ m² / año",,,
Bilbao,1.250.000 €,7 habs.,4 baños,521 m²,L'Eliana - L'Eliana pueblo,Casa o chalet,Sureste,Muy bien,10 a 20 años,,,,"G
999 kW h m² / año","G
999 kg CO₂ m² / año",Gas Natural,Gas Natural,Privado
Bilbao,578.000 €,3 habs.,3 baños,113 m²,Provença - L'Antiga Esquerra de l'Eixample,Piso,,Muy bien,70 a 100 años,,,,"G
999 kW h m² / año","G
999 kg CO₂ m² / año",,,
Bilbao,730.000 €,4 habs.,2 baños,136 m²,Sarrià - Sant Gervasi - Sarrià,Piso,,,30 a 50 años,3ª planta,Sí,No,"F
231 kW h m² / año","E
48 kg CO₂ m² / año",,,Comunitario
Bilbao,699.000 €,4 habs.,2 baños,204 m²,Rafael Llopart - Aiguadolç - Sant Sebastià,Casa o chalet,,,,,,,"E
1 kW h m² / año","E
40 kg CO₂ m² / año",,,
Bilbao,495.000 €,3 habs.,1 baño,120 m²,Comtessa de Sobradiel - Barri Gòtic,Piso,,Bien,+ 100 años,3ª planta,Sí,No,"E
999 kW h m² / año","E
999 kg CO₂ m² / año",Gas Natural,Gas Natural,
Mallorca,430.000 €,2 habs.,2 baños,120 m²,Sa Pobla,Casa o chalet,,Muy bien,+ 100 años,,,,"G
999 kW h m² / año","G
999 kg CO₂ m² / año",,,
Mallorca,180.000 €,2 habs.,2 baños,106 m²,Carrero Gran 19 - Maria de la Salut,Casa o chalet,,,,,,,"G
999 kW h m² / año","G
999 kg CO₂ m² / año",,,
Mallorca,305.000 €,4 habs.,1 baño,83 m²,Carrer de Mallorca - El Camp de l'Arpa del Clot,Piso,Sureste,Muy bien,70 a 100 años,5ª planta,Sí,,"D
176 kW h m² / año","D
54 kg CO₂ m² / año",Gas Natural,,
Mallorca,525.000 €,3 habs.,2 baños,131 m²,SANTANYI - CALA D´OR,Planta baja,Este,Muy bien,30 a 50 años,,,,"G
999 kW h m² / año","G
999 kg CO₂ m² / año",,,Privado
Mallorca,305.000 €,4 habs.,1 baño,83 m²,Carrer de Mallorca - El Clot,Piso,Sur,Muy bien,70 a 100 años,3ª planta,Sí,,"E
176 kW h m² / año","E
37 kg CO₂ m² / año",Gas Natural,Gas Natural,
Mallorca,600.000 €,4 habs.,1 baño,100 m²,Palma de Mallorca - Can Capes,Casa o chalet,,,,,,,"G
999 kW h m² / año","G
999 kg CO₂ m² / año",,,
Mallorca,388.000 €,2 habs.,2 baños,104 m²,Arxiduc,Piso,Sureste,Muy bien,30 a 50 años,4ª planta,Sí,,"G
207.9 kW h m² / año","G
999 kg CO₂ m² / año",,,Privado
Mallorca,720.000 €,3 habs.,2 baños,120 m²,Eixample Barcelona,Piso,Este,,30 a 50 años,,Sí,No,"E
178 kW h m² / año","E
70 kg CO₂ m² / año",,,Privado
Mallorca,,,,,,,,,,,,,,,,,
Mallorca,395.000 €,3 habs.,2 baños,94 m²,Carrer del General Felix Mas - Son Dameto,Piso,,,20 a 30 años,1ª planta,Sí,,"G
999 kW h m² / año","G
999 kg CO₂ m² / año",,,Privado
Mallorca,315.000 €,2 habs.,2 baños,82 m²,Palma de Mallorca,Piso,Sur,Bien,20 a 30 años,2ª planta,Sí,Sí,"G
999 kW h m² / año","G
999 kg CO₂ m² / año",Electricidad,Gas Natural,
Mallorca,649.000 €,3 habs.,2 baños,192 m²,Palma de Mallorca - Jaime III,Piso,,,,3ª planta,Sí,,"G
999 kW h m² / año","G
999 kg CO₂ m² / año",,,Privado
Mallorca,638.000 €,3 habs.,2 baños,113 m²,De Sant Pere - Dreta de l'Eixample,Piso,,Muy bien,20 a 30 años,4ª planta,Sí,,"E
130 kW h m² / año","E
75 kg CO₂ m² / año",,,
Mallorca,408.000 €,3 habs.,1 baño,97 m²,De Sant Pere - Dreta de l'Eixample,Apartamento,,Bien,+ 100 años,2ª planta,Sí,,"E
130 kW h m² / año","E
65 kg CO₂ m² / año",,,
Mallorca,305.000 €,4 habs.,1 baño,83 m²,Sant Martí - El Clot,Piso,Sur,Muy bien,70 a 100 años,3ª planta,Sí,,"C
176.9 kW h m² / año","E
37.2 kg CO₂ m² / año",Gas Natural,Gas Natural,
Mallorca,305.000 €,4 habs.,1 baño,83 m²,Carrer de Mallorca - El Clot,Piso,,,70 a 100 años,3ª planta,Sí,,"D
176 kW h m² / año","D
54 kg CO₂ m² / año",,,
Mallorca,725.000 €,10 habs.,4 baños,816 m²,Sant Joan,Casa o chalet,,Bien,+ 100 años,,,No,"G
999 kW h m² / año","G
999 kg CO₂ m² / año",,,Privado
Mallorca,535.000 €,3 habs.,2 baños,98 m²,De Sant Joan - Dreta de l'Eixample,Piso,,Bien,50 a 70 años,2ª planta,Sí,,"E
120 kW h m² / año","E
60 kg CO₂ m² / año",,,
Mallorca,1.950.000 €,3 habs.,3 baños,210 m²,De Gràcia - Dreta de l'Eixample,Dúplex,Sur,Bien,20 a 30 años,5ª planta,Sí,Sí,"E
121 kW h m² / año","D
20 kg CO₂ m² / año",,,
Mallorca,749.000 €,3 habs.,2 baños,123 m²,De Sant Joan - Fort Pienc,Piso,Sur,Bien,+ 100 años,1ª planta,Sí,,"E
130 kW h m² / año","E
60 kg CO₂ m² / año",,,
Mallorca,1.700.000 €,6 habs.,4 baños,200 m²,Felanitx - Cala Ferrera - Cala Serena,Casa o chalet,Sureste,Casi nuevo,,,,,"G
999 kW h m² / año","G
999 kg CO₂ m² / año",,Solar,Privado
Mallorca,1.500.000 €,5 habs.,3 baños,217 m²,Carrer de Provença - Dreta de l'Eixample,Piso,Sur,A reformar,+ 100 años,1ª planta,Sí,,"D
180 kW h m² / año","D
40 kg CO₂ m² / año",,,
Mallorca,299.000 €,3 habs.,2 baños,92 m²,Carrer de Mallorca - Dreta de l'Eixample,Piso,,Bien,+ 100 años,,Sí,,"G
279 kW h m² / año","G
59 kg CO₂ m² / año",,,
Mallorca,740.000 €,3 habs.,3 baños,181 m²,Calvià - Santa Ponça,Casa adosada,,Casi nuevo,20 a 30 años,Principal,,Sí,"E
0.1 kW h m² / año","E
0.1 kg CO₂ m² / año",Gas Natural,Gas Natural,Comunitario
Mallorca,193.200 €,3 habs.,2 baños,104 m²,Mallorca - Capdepera,Piso,,,,1ª planta,,,"F
9999 kW h m² / año","F
9999 kg CO₂ m² / año",,,
Mallorca,310.500 €,2 habs.,2 baños,95 m²,Mexic - Polígon de Llevant,Planta baja,,Casi nuevo,,,Sí,,"A
14 kW h m² / año","A
5 kg CO₂ m² / año",,,Privado
Mallorca,362.000 €,3 habs.,2 baños,100 m²,Mexic - Polígon de Llevant,Piso,,Casi nuevo,,4ª planta,Sí,,"A
14 kW h m² / año","A
5 kg CO₂ m² / año",,,Privado
Mallorca,193.200 €,3 habs.,2 baños,104 m²,Mallorca - Capdepera,Piso,,,,1ª planta,,,"F
9999 kW h m² / año","F
9999 kg CO₂ m² / año",,,
Mallorca,312.000 €,3 habs.,2 baños,87 m²,Port d'Andratx,Piso,,,50 a 70 años,2ª planta,,,"G
999 kW h m² / año","G
999 kg CO₂ m² / año",,,
Mallorca,392.500 €,3 habs.,2 baños,132 m²,Port d'Andratx,Ático,,,30 a 50 años,2ª planta,,,"D
134 kW h m² / año","D
35 kg CO₂ m² / año",,,
Mallorca,1.385.000 €,4 habs.,4 baños,240 m²,Bonaire,Casa o chalet,,,50 a 70 años,,,,"G
999 kW h m² / año","G
999 kg CO₂ m² / año",,,
Mallorca,797.000 €,5 habs.,2 baños,192 m²,Madrid - Barri de les Corts,Piso,,,,,Sí,,"D
76 kW h m² / año","D
16 kg CO₂ m² / año",,,
Mallorca,139.000 €,2 habs.,1 baño,80 m²,Brutau - Sol i Padris - Sant Oleguer,Piso,,,30 a 50 años,6ª planta,Sí,,"D
68 kW h m² / año","D
16 kg CO₂ m² / año",,,
Mallorca,210.000 €,2 habs.,1 baño,70 m²,Mercat - Escoles Ribes,Piso,,,,,Sí,,"D
88 kW h m² / año","D
18 kg CO₂ m² / año",,,Privado
Mallorca,110.000 €,3 habs.,1 baño,78 m²,Pere D'om - Creu de Barberà,Piso,,,,,,,"F
999 kW h m² / año","F
999 kg CO₂ m² / año",,,
Mallorca,54.000 €,2 habs.,1 baño,59 m²,Osona - Ca n'Oriac,Piso,,,50 a 70 años,2ª planta,,,"G
999 kW h m² / año","G
999 kg CO₂ m² / año",,,
Mallorca,550.000 €,2 habs.,1 baño,87 m²,Sarria,Piso,,Muy bien,,1ª planta,Sí,No,"G
240 kW h m² / año","E
999 kg CO₂ m² / año",,,
Mallorca,1.330.000 €,4 habs.,3 baños,196 m²,Castelldefels - La Pineda,Casa adosada,,,,,,,"C
895 kW h m² / año","G
195 kg CO₂ m² / año",,,Privado
Mallorca,1.395.000 €,2 habs.,2 baños,150 m²,Castelldefels,Casa o chalet,,,,,,No,"G
999 kW h m² / año","G
999 kg CO₂ m² / año",,,
Mallorca,,,,,,,,,,,,,,,,,
Mallorca,315.000 €,3 habs.,2 baños,118 m²,Doctor Buenaventura Carre - Fígares,Piso,,,,1ª planta,Sí,,"G
999 kW h m² / año","G
999 kg CO₂ m² / año",,,Privado
Mallorca,137.000 €,3 habs.,1 baño,95 m²,Can Boada-Torrent d´en Pere Parres,Piso,,,30 a 50 años,1ª planta,Sí,,"E
172 kW h m² / año","E
36 kg CO₂ m² / año",,,
Mallorca,626.000 €,5 habs.,2 baños,144 m²,Barcelona - Vila de Gràcia,Piso,,,,2ª planta,Sí,,"E
155 kW h m² / año","E
39 kg CO₂ m² / año",,,
Mallorca,890.000 €,4 habs.,3 baños,299 m²,Escriptor Josep Roig I Raventos - Can Girona - Terramar - Vinyet,Casa adosada,,,,,,,"G
999 kW h m² / año","G
999 kg CO₂ m² / año",,,Privado
Mallorca,165.000 €,4 habs.,1 baño,123 m²,Murcia - San Antolin,Piso,,,,2ª planta,Sí,,"G
999 kW h m² / año","G
999 kg CO₂ m² / año",,,
Mallorca,1.250.000 €,7 habs.,4 baños,521 m²,L'Eliana - L'Eliana pueblo,Casa o chalet,Sureste,Muy bien,10 a 20 años,,,,"G
999 kW h m² / año","G
999 kg CO₂ m² / año",Gas Natural,Gas Natural,Privado
Mallorca,578.000 €,3 habs.,3 baños,113 m²,Provença - L'Antiga Esquerra de l'Eixample,Piso,,Muy bien,70 a 100 años,,,,"G
999 kW h m² / año","G
999 kg CO₂ m² / año",,,
Mallorca,730.000 €,4 habs.,2 baños,136 m²,Sarrià - Sant Gervasi - Sarrià,Piso,,,30 a 50 años,3ª planta,Sí,No,"F
231 kW h m² / año","E
48 kg CO₂ m² / año",,,Comunitario
Mallorca,699.000 €,4 habs.,2 baños,204 m²,Rafael Llopart - Aiguadolç - Sant Sebastià,Casa o chalet,,,,,,,"E
1 kW h m² / año","E
40 kg CO₂ m² / año",,,
Mallorca,495.000 €,3 habs.,1 baño,120 m²,Comtessa de Sobradiel - Barri Gòtic,Piso,,Bien,+ 100 años,3ª planta,Sí,No,"E
999 kW h m² / año","E
999 kg CO₂ m² / año",Gas Natural,Gas Natural,
Tenerife,139.900 €,3 habs.,2 baños,88 m²,Calle Azorín - Los Gladiolos,Piso,,,Menos de 1 año,,,,"G
159 kW h m² / año","G
42 kg CO₂ m² / año",,,
Tenerife,159.900 €,5 habs.,2 baños,83 m²,La Aurora - 67 - Arico,Casa o chalet,,,,,,,"G
999 kW h m² / año","G
999 kg CO₂ m² / año",,,
Tenerife,240.000 €,2 habs.,1 baño,85 m²,Centro,Piso,,Muy bien,,6ª planta,Sí,,"G
999 kW h m² / año","G
999 kg CO₂ m² / año",,,Privado
Tenerife,549.000 €,3 habs.,2 baños,100 m²,Adeje,Ático,,,,,,Sí,"G
999 kW h m² / año","G
999 kg CO₂ m² / año",,,Privado
Tenerife,550.000 €,6 habs.,3 baños,2000 m²,Arona - Buzanada - Cabo Blanco - Valle San Lorenzo,Casa o chalet,,Muy bien,,Bajos,,Sí,"G
999 kW h m² / año","G
999 kg CO₂ m² / año",,,Privado
Tenerife,293.000 €,3 habs.,2 baños,118 m²,Azorín - Los Gladiolos,Piso,,,,,,,"G
999 kW h m² / año","G
999 kg CO₂ m² / año",,,
Tenerife,65.000 €,2 habs.,1 baño,42 m²,Adeje - 2 - La Salud,Piso,,,,,,,"G
999 kW h m² / año","G
999 kg CO₂ m² / año",,,
Tenerife,888.888 €,3 habs.,3 baños,142 m²,Adeje,Piso,,Casi nuevo,10 a 20 años,,,Sí,"G
999 kW h m² / año","G
999 kg CO₂ m² / año",,,Privado
Tenerife,,,,,,,,,,,,,,,,,
Tenerife,270.000 €,3 habs.,2 baños,94 m²,Avenida Islas Canarias - Buenavista - Chapatal,Piso,,Muy bien,5 a 10 años,,Sí,Sí,"G
93.8 kW h m² / año","G
24.9 kg CO₂ m² / año",,,Comunitario
Tenerife,129.400 €,4 habs.,2 baños,106 m²,Cedro (la Jaca) en Poris de Abona - 15 - Arico,Piso,,A reformar,,2ª planta,,,"G
999 kW h m² / año","G
999 kg CO₂ m² / año",,,
Tenerife,97.000 €,,,,,,,,,,,,,,,,
Tenerife,249.000 €,2 habs.,2 baños,84 m²,Barranco Verodal  - 32767 - Chayofa - Las Camellas,Apartamento,,,,,Sí,Sí,"G
999 kW h m² / año","G
999 kg CO₂ m² / año",,,Privado
Tenerife,240.000 €,3 habs.,1 baño,115 m²,Del Castillo - Centro,Piso,,,70 a 100 años,1ª planta,Sí,,"G
999 kW h m² / año","G
999 kg CO₂ m² / año",,,
Tenerife,169.900 €,3 habs.,2 baños,98 m²,Puerto de la Cruz - Martiánez,Piso,,A reformar,,,Sí,,"G
999 kW h m² / año","G
999 kg CO₂ m² / año",,,Privado
Tenerife,305.000 €,2 habs.,1 baño,73 m²,El puertito de adeje,Piso,,,1 a 5 años,3ª planta,Sí,,"C
999 kW h m² / año","E
999 kg CO₂ m² / año",,,
Tenerife,350.000 €,3 habs.,2 baños,402 m²,Tacoronte,Casa o chalet,,,30 a 50 años,,,,"G
999 kW h m² / año","G
999 kg CO₂ m² / año",,,
Tenerife,250.000 €,3 habs.,3 baños,230 m²,La Calzada - 32767 - Tamaide - El Roque,Dúplex,,,,,,Sí,"G
999 kW h m² / año","G
999 kg CO₂ m² / año",,,Privado
Tenerife,1.695.000 €,5 habs.,4 baños,350 m²,El Callao - Callao Salvaje - Playa Paraíso,Casa o chalet,,Muy bien,Menos de 1 año,,,Sí,"G
999 kW h m² / año","G
999 kg CO₂ m² / año",,,
Tenerife,77.000 €,3 habs.,2 baños,103 m²,Cruz Santa,Piso,,,,,,No,"G
999 kW h m² / año","G
999 kg CO₂ m² / año",,,
Tenerife,133.302 €,3 habs.,2 baños,111 m²,Magistrado Hernandez Diaz - La Salud,Piso,,,,,,No,"G
999 kW h m² / año","G
999 kg CO₂ m² / año",,,
Tenerife,101.300 €,2 habs.,1 baño,115 m²,Calle el Almendro - en las Mercedes - San Cristóbal de La Laguna - La Vega - San Lázaro,Piso,,,,,,No,"G
999 kW h m² / año","G
999 kg CO₂ m² / año",,,
Tenerife,1.800.000 €,5 habs.,9 baños,350 m²,Adeje,Casa o chalet,Sur,,,,,Sí,"B
999 kW h m² / año","B
999 kg CO₂ m² / año",,,Privado
Tenerife,82.400 €,1 hab.,1 baño,41 m²,Fuerteventura en Fraile el - El Fraile,Piso,,,,3ª planta,,,"G
999 kW h m² / año","G
999 kg CO₂ m² / año",,,
Tenerife,60.000 €,2 habs.,1 baño,48 m²,San Sebastian de la Gomer en Fraile el - El Fraile,Piso,,A reformar,,2ª planta,,,"G
999 kW h m² / año","G
999 kg CO₂ m² / año",,,
Tenerife,700.000 €,5 habs.,3 baños,218 m²,Profesor Peraza Ayala - Urbanización Anaga,Piso,,,,7ª planta,Sí,,"G
999 kW h m² / año","G
999 kg CO₂ m² / año",,,Privado
Tenerife,110.000 €,3 habs.,2 baños,134 m²,Ruiz Andión - Los Realejos pueblo,Piso,,,20 a 30 años,,,,"G
999 kW h m² / año","G
999 kg CO₂ m² / año",,,Privado
Tenerife,113.000 €,1 hab.,1 baño,50 m²,Calle de la Te - Costa del Silencio - Las Galletas,Piso,Sur,Muy bien,,,,Sí,"G
999 kW h m² / año","G
999 kg CO₂ m² / año",,,
Tenerife,215.000 €,3 habs.,3 baños,266 m²,Guimar - Zona Centro,Casa o chalet,,,,,,,"C
31 kW h m² / año","C
7 kg CO₂ m² / año",,,Privado
Tenerife,135.000 €,3 habs.,2 baños,113 m²,Calle la Centinela - 29 - San Felipe - San Marcos - Las Cañas,Piso,Sur,Muy bien,20 a 30 años,4ª planta,Sí,,"G
999 kW h m² / año","G
999 kg CO₂ m² / año",,Electricidad,Privado
Tenerife,550.000 €,3 habs.,2 baños,144 m²,Beirut - 1 - Playa Fañabé Alto,Apartamento,,,Menos de 1 año,,Sí,,"G
98 kW h m² / año","G
32 kg CO₂ m² / año",,,
Tenerife,515.000 €,4 habs.,3 baños,166 m²,Maresme,Casa adosada,,Casi nuevo,Menos de 1 año,,,No,"G
999 kW h m² / año","G
999 kg CO₂ m² / año",,,Privado
Tenerife,797.000 €,5 habs.,2 baños,192 m²,Madrid - Barri de les Corts,Piso,,,,,Sí,,"D
76 kW h m² / año","D
16 kg CO₂ m² / año",,,
Tenerife,139.000 €,2 habs.,1 baño,80 m²,Brutau - Sol i Padris - Sant Oleguer,Piso,,,30 a 50 años,6ª planta,Sí,,"D
68 kW h m² / año","D
16 kg CO₂ m² / año",,,
Tenerife,110.000 €,3 habs.,1 baño,78 m²,Pere D'om - Creu de Barberà,Piso,,,,,,,"F
999 kW h m² / año","F
999 kg CO₂ m² / año",,,
Tenerife,54.000 €,2 habs.,1 baño,59 m²,Osona - Ca n'Oriac,Piso,,,50 a 70 años,2ª planta,,,"G
999 kW h m² / año","G
999 kg CO₂ m² / año",,,
Tenerife,550.000 €,2 habs.,1 baño,87 m²,Sarria,Piso,,Muy bien,,1ª planta,Sí,No,"G
240 kW h m² / año","E
999 kg CO₂ m² / año",,,
Tenerife,1.330.000 €,4 habs.,3 baños,196 m²,Castelldefels - La Pineda,Casa adosada,,,,,,,"C
895 kW h m² / año","G
195 kg CO₂ m² / año",,,Privado
Tenerife,1.395.000 €,2 habs.,2 baños,150 m²,Castelldefels,Casa o chalet,,,,,,No,"G
999 kW h m² / año","G
999 kg CO₂ m² / año",,,
Tenerife,,,,,,,,,,,,,,,,,
Tenerife,315.000 €,3 habs.,2 baños,118 m²,Doctor Buenaventura Carre - Fígares,Piso,,,,1ª planta,Sí,,"G
999 kW h m² / año","G
999 kg CO₂ m² / año",,,Privado
Tenerife,137.000 €,3 habs.,1 baño,95 m²,Can Boada-Torrent d´en Pere Parres,Piso,,,30 a 50 años,1ª planta,Sí,,"E
172 kW h m² / año","E
36 kg CO₂ m² / año",,,
Tenerife,626.000 €,5 habs.,2 baños,144 m²,Barcelona - Vila de Gràcia,Piso,,,,2ª planta,Sí,,"E
155 kW h m² / año","E
39 kg CO₂ m² / año",,,
Tenerife,890.000 €,4 habs.,3 baños,299 m²,Escriptor Josep Roig I Raventos - Can Girona - Terramar - Vinyet,Casa adosada,,,,,,,"G
999 kW h m² / año","G
999 kg CO₂ m² / año",,,Privado
Tenerife,165.000 €,4 habs.,1 baño,123 m²,Murcia - San Antolin,Piso,,,,2ª planta,Sí,,"G
999 kW h m² / año","G
999 kg CO₂ m² / año",,,
Tenerife,1.250.000 €,7 habs.,4 baños,521 m²,L'Eliana - L'Eliana pueblo,Casa o chalet,Sureste,Muy bien,10 a 20 años,,,,"G
999 kW h m² / año","G
999 kg CO₂ m² / año",Gas Natural,Gas Natural,Privado
Tenerife,578.000 €,3 habs.,3 baños,113 m²,Provença - L'Antiga Esquerra de l'Eixample,Piso,,Muy bien,70 a 100 años,,,,"G
999 kW h m² / año","G
999 kg CO₂ m² / año",,,
Tenerife,730.000 €,4 habs.,2 baños,136 m²,Sarrià - Sant Gervasi - Sarrià,Piso,,,30 a 50 años,3ª planta,Sí,No,"F
231 kW h m² / año","E
48 kg CO₂ m² / año",,,Comunitario
Tenerife,699.000 €,4 habs.,2 baños,204 m²,Rafael Llopart - Aiguadolç - Sant Sebastià,Casa o chalet,,,,,,,"E
1 kW h m² / año","E
40 kg CO₂ m² / año",,,
Tenerife,495.000 €,3 habs.,1 baño,120 m²,Comtessa de Sobradiel - Barri Gòtic,Piso,,Bien,+ 100 años,3ª planta,Sí,No,"E
999 kW h m² / año","E
999 kg CO₂ m² / año",Gas Natural,Gas Natural,
Gran Canaria,220.000 €,1 hab.,1 baño,50 m²,San Bartolomé de Tirajana - campo internacional,Apartamento,,Bien,,Principal,,Sí,"G
999 kW h m² / año","G
999 kg CO₂ m² / año",,,
Gran Canaria,150.000 €,2 habs.,2 baños,82 m²,Telde - El Goro - Ojos de Garza,Dúplex,Sur,,20 a 30 años,1ª planta,,Sí,"G
999 kW h m² / año","G
999 kg CO₂ m² / año",Gas Natural,Gas Natural,Privado
Gran Canaria,369.000 €,3 habs.,1 baño,140 m²,Centro - Triana,Piso,,Bien,,,Sí,,"G
67 kW h m² / año","G
18 kg CO₂ m² / año",,,
Gran Canaria,121.000 €,3 habs.,1 baño,93 m²,Holanda - La Herradura - Balcón de Telde,Piso,,,10 a 20 años,,Sí,No,"G
999 kW h m² / año","G
999 kg CO₂ m² / año",,,
Gran Canaria,395.000 €,3 habs.,2 baños,125 m²,Las Palmas de Gran Canaria - Siete Palmas,Ático,,,,5ª planta,Sí,,"G
999 kW h m² / año","G
999 kg CO₂ m² / año",,,Privado
Gran Canaria,215.000 €,1 hab.,1 baño,45 m²,Calle Tauro - Maspalomas - Meloneras,Apartamento,Sur,,,,,Sí,"G
999 kW h m² / año","G
999 kg CO₂ m² / año",,,Comunitario
Gran Canaria,225.000 €,3 habs.,2 baños,70 m²,Centro - Triana,Piso,,Bien,,3ª planta,Sí,Sí,"G
999 kW h m² / año","G
999 kg CO₂ m² / año",,,
Gran Canaria,280.000 €,3 habs.,2 baños,140 m²,Calle Miami - El Tablero,Casa adosada,,Bien,,,,,"G
999 kW h m² / año","G
999 kg CO₂ m² / año",,,
Gran Canaria,,,,,,,,,,,,,,,,,
Gran Canaria,109.000 €,2 habs.,1 baño,1 m²,Las Palmas de Gran Canaria,Piso,,,,,,,"G
999 kW h m² / año","G
999 kg CO₂ m² / año",,,
Gran Canaria,73.010 €,3 habs.,1 baño,94 m²,Helechosa de los Montes,Piso,,,+ 100 años,,,,"G
999.9 kW h m² / año","G
999.9 kg CO₂ m² / año",,,
Gran Canaria,700.000 €,6 habs.,6 baños,285 m²,Mogan - Puerto Rico,Piso,,,,3ª planta,Sí,,"G
999 kW h m² / año","G
999 kg CO₂ m² / año",,,
Gran Canaria,220.000 €,6 habs.,2 baños,257 m²,Teror - San José del Álamo - El Hornillo,Casa o chalet,,,,,,,"G
68 kW h m² / año","G
23.25 kg CO₂ m² / año",,,Privado
Gran Canaria,300.000 €,2 habs.,2 baños,120 m²,Valsequillo de Gran Canaria - Los Llanetes,Casa o chalet,,,,,,,"G
999 kW h m² / año","G
999 kg CO₂ m² / año",,,
Gran Canaria,469.000 €,14 habs.,4 baños,242 m²,Calle Padre José de Sosa - 37 - Vegueta,Casa o chalet,,,,Principal,,Sí,"G
999 kW h m² / año","G
999 kg CO₂ m² / año",,,
Gran Canaria,131.500 €,3 habs.,1 baño,75 m²,Calle Juan Rejón - 100 - Isleta,Piso,Sureste,Casi nuevo,,3ª planta,,Sí,"G
999 kW h m² / año","G
999 kg CO₂ m² / año",,Electricidad,
Gran Canaria,159.000 €,4 habs.,2 baños,180 m²,Calle del Mondalón - Marzagán - Los Hoyos - La Montañeta,Piso,,Casi nuevo,70 a 100 años,1ª planta,,Sí,"A
300 kW h m² / año","A
200 kg CO₂ m² / año",,,
Gran Canaria,129.900 €,2 habs.,1 baño,69 m²,Isleta - Puerto - Guanarteme - Guanarteme,Piso,,,,,,,"G
999 kW h m² / año","G
999 kg CO₂ m² / año",,,
Gran Canaria,175.000 €,6 habs.,3 baños,262 m²,Palmeral (santa Brigida) - Siete Palmas,Finca rústica,Sur,Muy bien,20 a 30 años,Bajos,,,"G
999 kW h m² / año","G
999 kg CO₂ m² / año",,,
Gran Canaria,235.000 €,3 habs.,2 baños,185 m²,Partera Aurora Sánchez Bolaños - Castillo del Romeral - Juan Grande,Dúplex,,Bien,+ 100 años,,,,"G
999 kW h m² / año","G
999 kg CO₂ m² / año",,,Comunitario
Gran Canaria,120.000 €,3 habs.,1 baño,81 m²,Carretera de Mata - Schamann - Rehoyas,Piso,Oeste,Muy bien,50 a 70 años,4ª planta,,,"G
114 kW h m² / año","G
30 kg CO₂ m² / año",,Electricidad,Comunitario
Gran Canaria,128.400 €,2 habs.,1 baño,89 m²,Las Palmas de Gran Canaria,Piso,,,,,,,"G
999 kW h m² / año","G
999 kg CO₂ m² / año",,,
Gran Canaria,165.000 €,3 habs.,1 baño,71 m²,León y Castillo - Alcaravaneras,Piso,,,,,Sí,,"G
999 kW h m² / año","G
999 kg CO₂ m² / año",,,
Gran Canaria,71.355 €,1 hab.,1 baño,37 m²,Helechosa de los Montes,Piso,,,+ 100 años,,,,"G
999 kW h m² / año","G
999 kg CO₂ m² / año",,,
Gran Canaria,150.000 €,4 habs.,2 baños,100 m²,Pasaje Playa de Sardina - Bañaderos - El Puertillo - San Andrés,Piso,,Bien,,2ª planta,,,"G
999 kW h m² / año","G
999 kg CO₂ m² / año",,,Privado
Gran Canaria,200.000 €,10 habs.,2 baños,334 m²,Calle Hernán Cortés - 34 - Callejón del Castillo - El Calero - Las Huesas,Casa o chalet,,A reformar,,Principal,,,"G
999 kW h m² / año","G
999 kg CO₂ m² / año",,,
Gran Canaria,215.000 €,1 hab.,1 baño,45 m²,Maspalomas - Meloneras,Casa adosada,,Muy bien,,,,Sí,"G
999 kW h m² / año","G
999 kg CO₂ m² / año",,,Privado
Gran Canaria,490.000 €,5 habs.,2 baños,228 m²,Calle Marte - El Goro - Ojos de Garza,Casa o chalet,,,20 a 30 años,,,Sí,"G
999 kW h m² / año","G
999 kg CO₂ m² / año",,,Privado
Gran Canaria,300.000 €,106 m²,Bajos,,Calle Arquitecto Laureano Arroyo - 50 - Tafira,Casa adosada,,,,Bajos,,,"G
999 kW h m² / año","G
999 kg CO₂ m² / año",,,
Gran Canaria,101.420 €,2 habs.,1 baño,58 m²,Tamaraceite - San Lorenzo - Tenoya - Tamaraceite,Piso,,,10 a 20 años,Bajos,,,"G
999 kW h m² / año","G
999 kg CO₂ m² / año",,,
Gran Canaria,173.000 €,2 habs.,1 baño,80 m²,Calle Viera y Clavijo - 19 - Triana,Piso,Norte,A reformar,50 a 70 años,4ª planta,Sí,,"G
4 kW h m² / año","G
4 kg CO₂ m² / año",,Electricidad,
Gran Canaria,797.000 €,5 habs.,2 baños,192 m²,Madrid - Barri de les Corts,Piso,,,,,Sí,,"D
76 kW h m² / año","D
16 kg CO₂ m² / año",,,
Gran Canaria,139.000 €,2 habs.,1 baño,80 m²,Brutau - Sol i Padris - Sant Oleguer,Piso,,,30 a 50 años,6ª planta,Sí,,"D
68 kW h m² / año","D
16 kg CO₂ m² / año",,,
Gran Canaria,110.000 €,3 habs.,1 baño,78 m²,Pere D'om - Creu de Barberà,Piso,,,,,,,"F
999 kW h m² / año","F
999 kg CO₂ m² / año",,,
Gran Canaria,54.000 €,2 habs.,1 baño,59 m²,Osona - Ca n'Oriac,Piso,,,50 a 70 años,2ª planta,,,"G
999 kW h m² / año","G
999 kg CO₂ m² / año",,,
Gran Canaria,1.300.000 €,6 habs.,4 baños,400 m²,Sant Cugat,Casa o chalet,,,10 a 20 años,,,No,"F
312 kW h m² / año","E
53 kg CO₂ m² / año",Gas Natural,Gas Natural,Privado
Gran Canaria,550.000 €,2 habs.,1 baño,87 m²,Sarria,Piso,,Muy bien,,1ª planta,Sí,No,"G
240 kW h m² / año","E
999 kg CO₂ m² / año",,,
Gran Canaria,1.330.000 €,4 habs.,3 baños,196 m²,Castelldefels - La Pineda,Casa adosada,,,,,,,"C
895 kW h m² / año","G
195 kg CO₂ m² / año",,,Privado
Gran Canaria,1.395.000 €,2 habs.,2 baños,150 m²,Castelldefels,Casa o chalet,,,,,,No,"G
999 kW h m² / año","G
999 kg CO₂ m² / año",,,
Gran Canaria,,,,,,,,,,,,,,,,,
Gran Canaria,315.000 €,3 habs.,2 baños,118 m²,Doctor Buenaventura Carre - Fígares,Piso,,,,1ª planta,Sí,,"G
999 kW h m² / año","G
999 kg CO₂ m² / año",,,Privado
Gran Canaria,137.000 €,3 habs.,1 baño,95 m²,Can Boada-Torrent d´en Pere Parres,Piso,,,30 a 50 años,1ª planta,Sí,,"E
172 kW h m² / año","E
36 kg CO₂ m² / año",,,
Gran Canaria,626.000 €,5 habs.,2 baños,144 m²,Barcelona - Vila de Gràcia,Piso,,,,2ª planta,Sí,,"E
155 kW h m² / año","E
39 kg CO₂ m² / año",,,
Gran Canaria,890.000 €,4 habs.,3 baños,299 m²,Escriptor Josep Roig I Raventos - Can Girona - Terramar - Vinyet,Casa adosada,,,,,,,"G
999 kW h m² / año","G
999 kg CO₂ m² / año",,,Privado
Gran Canaria,165.000 €,4 habs.,1 baño,123 m²,Murcia - San Antolin,Piso,,,,2ª planta,Sí,,"G
999 kW h m² / año","G
999 kg CO₂ m² / año",,,
Gran Canaria,1.250.000 €,7 habs.,4 baños,521 m²,L'Eliana - L'Eliana pueblo,Casa o chalet,Sureste,Muy bien,10 a 20 años,,,,"G
999 kW h m² / año","G
999 kg CO₂ m² / año",Gas Natural,Gas Natural,Privado
Gran Canaria,578.000 €,3 habs.,3 baños,113 m²,Provença - L'Antiga Esquerra de l'Eixample,Piso,,Muy bien,70 a 100 años,,,,"G
999 kW h m² / año","G
999 kg CO₂ m² / año",,,
Gran Canaria,730.000 €,4 habs.,2 baños,136 m²,Sarrià - Sant Gervasi - Sarrià,Piso,,,30 a 50 años,3ª planta,Sí,No,"F
231 kW h m² / año","E
48 kg CO₂ m² / año",,,Comunitario
Gran Canaria,699.000 €,4 habs.,2 baños,204 m²,Rafael Llopart - Aiguadolç - Sant Sebastià,Casa o chalet,,,,,,,"E
1 kW h m² / año","E
40 kg CO₂ m² / año",,,
Gran Canaria,495.000 €,3 habs.,1 baño,120 m²,Comtessa de Sobradiel - Barri Gòtic,Piso,,Bien,+ 100 años,3ª planta,Sí,No,"E
999 kW h m² / año","E
999 kg CO₂ m² / año",Gas Natural,Gas Natural,
